raster,row_off,col_off,chunk_size,label,source,annotator,model_name,model_prob,timestamp
436648_2018_madal_chm_max_hag_20cm.tif,0,2368,128,no_cdw,manual,,Ensemble(4 models),0.0904,2026-03-27T20:45:02
436648_2018_madal_chm_max_hag_20cm.tif,0,2432,128,no_cdw,auto_threshold_gate_v2,,Ensemble(4 models),0.0688,2026-03-23T20:00:32
436648_2018_madal_chm_max_hag_20cm.tif,0,2880,128,no_cdw,manual,,Ensemble(4 models),0.6001,2026-03-27T20:19:37
436648_2018_madal_chm_max_hag_20cm.tif,0,3904,128,cdw,manual,,Ensemble(4 models),0.4184,2026-03-27T20:13:02
436648_2018_madal_chm_max_hag_20cm.tif,64,256,128,no_cdw,manual,,Ensemble(4 models),0.1511,2026-03-27T20:38:48
436648_2018_madal_chm_max_hag_20cm.tif,64,1216,128,no_cdw,manual,,Ensemble(4 models),0.1604,2026-03-27T20:38:10
436648_2018_madal_chm_max_hag_20cm.tif,64,2112,128,no_cdw,manual,,Ensemble(4 models),0.1060,2026-03-27T20:44:19
436648_2018_madal_chm_max_hag_20cm.tif,64,2752,128,no_cdw,manual,,Ensemble(4 models),0.1482,2026-03-27T20:38:49
436648_2018_madal_chm_max_hag_20cm.tif,64,3008,128,no_cdw,manual,,Ensemble(4 models),0.5681,2026-03-27T20:10:58
436648_2018_madal_chm_max_hag_20cm.tif,64,3072,128,no_cdw,manual,,Ensemble(4 models),0.4585,2026-03-27T17:46:06
436648_2018_madal_chm_max_hag_20cm.tif,64,3200,128,no_cdw,auto_threshold_gate_v2,,Ensemble(4 models),0.0630,2026-03-23T20:00:32
436648_2018_madal_chm_max_hag_20cm.tif,64,3264,128,no_cdw,auto_threshold_gate_v2,,Ensemble(4 models),0.0685,2026-03-23T20:00:32
436648_2018_madal_chm_max_hag_20cm.tif,64,3776,128,no_cdw,manual,,Ensemble(4 models),0.1072,2026-03-27T20:44:18
436648_2018_madal_chm_max_hag_20cm.tif,128,3200,128,no_cdw,auto_threshold_gate_v2,,Ensemble(4 models),0.0619,2026-03-23T20:00:33
436648_2018_madal_chm_max_hag_20cm.tif,128,3264,128,no_cdw,auto_threshold_gate_v2,,Ensemble(4 models),0.0472,2026-03-23T20:00:33
436648_2018_madal_chm_max_hag_20cm.tif,128,3520,128,no_cdw,manual,,Ensemble(4 models),0.3929,2026-03-27T20:20:22
436648_2018_madal_chm_max_hag_20cm.tif,128,3584,128,no_cdw,manual,,Ensemble(4 models),0.3969,2026-03-27T20:20:02
436648_2018_madal_chm_max_hag_20cm.tif,192,192,128,no_cdw,manual,,Ensemble(4 models),0.1520,2026-03-27T20:38:46
436648_2018_madal_chm_max_hag_20cm.tif,192,1280,128,no_cdw,manual,,Ensemble(4 models),0.3817,2026-03-27T20:21:00
436648_2018_madal_chm_max_hag_20cm.tif,192,2560,128,no_cdw,manual,,Ensemble(4 models),0.2297,2026-03-27T20:28:34
436648_2018_madal_chm_max_hag_20cm.tif,192,2688,128,no_cdw,manual,,Ensemble(4 models),0.5628,2026-03-27T20:10:13
436648_2018_madal_chm_max_hag_20cm.tif,192,2752,128,no_cdw,manual,,Ensemble(4 models),0.4831,2026-03-27T17:37:47
436648_2018_madal_chm_max_hag_20cm.tif,192,2880,128,no_cdw,auto_threshold_gate_v2,,Ensemble(4 models),0.0663,2026-03-23T20:00:33
436648_2018_madal_chm_max_hag_20cm.tif,192,2944,128,no_cdw,manual,,Ensemble(4 models),0.0819,2026-03-27T20:45:12
436648_2018_madal_chm_max_hag_20cm.tif,192,4288,128,cdw,manual,,Ensemble(4 models),0.9937,2026-03-27T20:49:58
436648_2018_madal_chm_max_hag_20cm.tif,256,64,128,no_cdw,auto_threshold_gate_v2,,Ensemble(4 models),0.0651,2026-03-23T20:00:33
436648_2018_madal_chm_max_hag_20cm.tif,256,1280,128,no_cdw,manual,,Ensemble(4 models),0.3465,2026-03-27T20:21:07
436648_2018_madal_chm_max_hag_20cm.tif,256,1664,128,no_cdw,manual,,Ensemble(4 models),0.1273,2026-03-27T20:40:39
436648_2018_madal_chm_max_hag_20cm.tif,256,3008,128,no_cdw,manual,,Ensemble(4 models),0.1154,2026-03-27T20:43:33
436648_2018_madal_chm_max_hag_20cm.tif,256,3520,128,cdw,manual,,Ensemble(4 models),0.9941,2026-03-27T20:50:01
436648_2018_madal_chm_max_hag_20cm.tif,256,4160,128,cdw,manual,,Ensemble(4 models),0.9769,2026-03-27T20:46:00
436648_2018_madal_chm_max_hag_20cm.tif,320,2240,128,no_cdw,manual,,Ensemble(4 models),0.1373,2026-03-27T20:39:58
436648_2018_madal_chm_max_hag_20cm.tif,320,3776,128,no_cdw,manual,,Ensemble(4 models),0.2910,2026-03-27T20:21:19
436648_2018_madal_chm_max_hag_20cm.tif,320,4416,128,cdw,manual,,Ensemble(4 models),0.9880,2026-03-27T20:46:48
436648_2018_madal_chm_max_hag_20cm.tif,384,1536,128,no_cdw,manual,,Ensemble(4 models),0.1084,2026-03-27T20:44:15
436648_2018_madal_chm_max_hag_20cm.tif,384,2304,128,no_cdw,manual,,Ensemble(4 models),0.1371,2026-03-27T20:40:04
436648_2018_madal_chm_max_hag_20cm.tif,384,3712,128,cdw,manual,,Ensemble(4 models),0.9932,2026-03-27T20:49:57
436648_2018_madal_chm_max_hag_20cm.tif,384,4480,128,cdw,manual,,Ensemble(4 models),0.9919,2026-03-27T20:49:30
436648_2018_madal_chm_max_hag_20cm.tif,448,256,128,cdw,manual,,Ensemble(4 models),0.1199,2026-03-27T20:42:29
436648_2018_madal_chm_max_hag_20cm.tif,448,3520,128,cdw,auto_threshold_gate_v2,,Ensemble(4 models),0.9995,2026-03-23T20:00:35
436648_2018_madal_chm_max_hag_20cm.tif,512,192,128,cdw,manual,,Ensemble(4 models),0.9396,2026-03-27T20:45:16
436648_2018_madal_chm_max_hag_20cm.tif,512,1344,128,cdw,auto_threshold_gate_v2,,Ensemble(4 models),0.9998,2026-03-23T20:00:36
436648_2018_madal_chm_max_hag_20cm.tif,512,1408,128,cdw,manual,,Ensemble(4 models),0.9993,2026-03-27T20:50:49
436648_2018_madal_chm_max_hag_20cm.tif,512,1536,128,cdw,manual,,Ensemble(4 models),0.1320,2026-03-27T20:40:31
436648_2018_madal_chm_max_hag_20cm.tif,512,2048,128,no_cdw,manual,,Ensemble(4 models),0.1342,2026-03-27T20:40:20
436648_2018_madal_chm_max_hag_20cm.tif,512,2944,128,no_cdw,manual,,Ensemble(4 models),0.1774,2026-03-27T20:37:15
436648_2018_madal_chm_max_hag_20cm.tif,512,3072,128,no_cdw,manual,,Ensemble(4 models),0.1171,2026-03-27T20:43:14
436648_2018_madal_chm_max_hag_20cm.tif,512,3584,128,cdw,manual,,Ensemble(4 models),0.8059,2026-03-27T20:28:55
436648_2018_madal_chm_max_hag_20cm.tif,512,3712,128,cdw,manual,,Ensemble(4 models),0.5684,2026-03-27T20:11:02
436648_2018_madal_chm_max_hag_20cm.tif,512,3776,128,cdw,manual,,Ensemble(4 models),0.5341,2026-03-27T17:40:52
436648_2018_madal_chm_max_hag_20cm.tif,512,4736,128,cdw,manual,,Ensemble(4 models),0.9802,2026-03-27T20:46:06
436648_2018_madal_chm_max_hag_20cm.tif,576,1280,128,no_cdw,manual,,Ensemble(4 models),0.5180,2026-03-27T17:38:16
436648_2018_madal_chm_max_hag_20cm.tif,576,1344,128,cdw,auto_threshold_gate_v2,,Ensemble(4 models),0.9996,2026-03-23T20:00:36
436648_2018_madal_chm_max_hag_20cm.tif,576,2688,128,no_cdw,manual,,Ensemble(4 models),0.1007,2026-03-27T20:44:35
436648_2018_madal_chm_max_hag_20cm.tif,576,3008,128,no_cdw,manual,,Ensemble(4 models),0.1176,2026-03-27T20:43:08
436648_2018_madal_chm_max_hag_20cm.tif,576,4032,128,cdw,manual,,Ensemble(4 models),0.4035,2026-03-27T20:19:21
436648_2018_madal_chm_max_hag_20cm.tif,576,4160,128,no_cdw,manual,,Ensemble(4 models),0.4828,2026-03-27T17:37:51
436648_2018_madal_chm_max_hag_20cm.tif,576,4352,128,cdw,manual,,Ensemble(4 models),0.9842,2026-03-27T20:46:22
436648_2018_madal_chm_max_hag_20cm.tif,640,576,128,cdw,manual,,Ensemble(4 models),0.9711,2026-03-27T20:45:56
436648_2018_madal_chm_max_hag_20cm.tif,640,1216,128,no_cdw,manual,,Ensemble(4 models),0.1367,2026-03-27T20:40:12
436648_2018_madal_chm_max_hag_20cm.tif,640,4032,128,cdw,manual,,Ensemble(4 models),0.8363,2026-03-27T20:38:02
436648_2018_madal_chm_max_hag_20cm.tif,640,4160,128,no_cdw,manual,,Ensemble(4 models),0.4321,2026-03-27T20:10:55
436648_2018_madal_chm_max_hag_20cm.tif,640,4352,128,no_cdw,manual,,Ensemble(4 models),0.1155,2026-03-27T20:43:31
436648_2018_madal_chm_max_hag_20cm.tif,704,64,128,cdw,manual,,Ensemble(4 models),0.9921,2026-03-27T20:49:31
436648_2018_madal_chm_max_hag_20cm.tif,704,640,128,cdw,manual,,Ensemble(4 models),0.9697,2026-03-27T20:45:42
436648_2018_madal_chm_max_hag_20cm.tif,704,3328,128,cdw,manual,,Ensemble(4 models),0.9870,2026-03-27T20:46:34
436648_2018_madal_chm_max_hag_20cm.tif,704,4224,128,cdw,manual,,Ensemble(4 models),0.5016,2026-03-27T17:32:10
436648_2018_madal_chm_max_hag_20cm.tif,768,0,128,cdw,manual,,Ensemble(4 models),0.9704,2026-03-27T20:45:54
436648_2018_madal_chm_max_hag_20cm.tif,768,4416,128,cdw,manual,,Ensemble(4 models),0.1401,2026-03-27T20:39:47
436648_2018_madal_chm_max_hag_20cm.tif,832,1920,128,no_cdw,manual,,Ensemble(4 models),0.0911,2026-03-27T20:44:57
436648_2018_madal_chm_max_hag_20cm.tif,832,3520,128,cdw,manual,,Ensemble(4 models),0.6005,2026-03-27T20:19:40
436648_2018_madal_chm_max_hag_20cm.tif,832,3776,128,cdw,manual,,Ensemble(4 models),0.4491,2026-03-27T19:56:34
436648_2018_madal_chm_max_hag_20cm.tif,896,512,128,cdw,manual,,Ensemble(4 models),0.4676,2026-03-27T17:40:08
436648_2018_madal_chm_max_hag_20cm.tif,896,2496,128,cdw,manual,,Ensemble(4 models),0.9901,2026-03-27T20:49:19
436648_2018_madal_chm_max_hag_20cm.tif,896,2816,128,no_cdw,manual,,Ensemble(4 models),0.0792,2026-03-27T20:45:13
436648_2018_madal_chm_max_hag_20cm.tif,896,3008,128,cdw,manual,,Ensemble(4 models),0.5402,2026-03-27T17:46:02
436648_2018_madal_chm_max_hag_20cm.tif,896,3136,128,cdw,manual,,Ensemble(4 models),0.5819,2026-03-27T20:13:13
436648_2018_madal_chm_max_hag_20cm.tif,896,3520,128,cdw,manual,,Ensemble(4 models),0.4343,2026-03-27T20:10:46
436648_2018_madal_chm_max_hag_20cm.tif,896,4032,128,cdw,manual,,Ensemble(4 models),0.9981,2026-03-27T20:50:43
436648_2018_madal_chm_max_hag_20cm.tif,960,640,128,no_cdw,manual,,Ensemble(4 models),0.4693,2026-03-27T17:39:39
436648_2018_madal_chm_max_hag_20cm.tif,960,3072,128,no_cdw,manual,,Ensemble(4 models),0.4159,2026-03-27T20:16:36
436648_2018_madal_chm_max_hag_20cm.tif,960,3328,128,cdw,manual,,Ensemble(4 models),0.4465,2026-03-27T19:57:02
436648_2018_madal_chm_max_hag_20cm.tif,960,3968,128,cdw,auto_threshold_gate_v2,,Ensemble(4 models),0.9995,2026-03-23T20:00:40
436648_2018_madal_chm_max_hag_20cm.tif,960,4352,128,cdw,manual,,Ensemble(4 models),0.1598,2026-03-27T20:38:15
436648_2018_madal_chm_max_hag_20cm.tif,1024,1920,128,cdw,manual,,Ensemble(4 models),0.9605,2026-03-27T20:45:31
436648_2018_madal_chm_max_hag_20cm.tif,1024,3136,128,cdw,manual,,Ensemble(4 models),0.9982,2026-03-27T20:50:44
436648_2018_madal_chm_max_hag_20cm.tif,1024,3584,128,cdw,manual,,Ensemble(4 models),0.4608,2026-03-27T17:45:38
436648_2018_madal_chm_max_hag_20cm.tif,1024,4096,128,cdw,manual,,Ensemble(4 models),0.4358,2026-03-27T20:10:23
436648_2018_madal_chm_max_hag_20cm.tif,1024,4864,128,no_cdw,manual,,Ensemble(4 models),0.1446,2026-03-27T20:39:35
436648_2018_madal_chm_max_hag_20cm.tif,1088,768,128,no_cdw,manual,,Ensemble(4 models),0.1201,2026-03-27T20:42:17
436648_2018_madal_chm_max_hag_20cm.tif,1088,1472,128,no_cdw,manual,,Ensemble(4 models),0.4709,2026-03-27T17:39:23
436648_2018_madal_chm_max_hag_20cm.tif,1088,1728,128,cdw,manual,,Ensemble(4 models),0.9952,2026-03-27T20:50:13
436648_2018_madal_chm_max_hag_20cm.tif,1088,3456,128,cdw,manual,,Ensemble(4 models),0.5692,2026-03-27T20:11:39
436648_2018_madal_chm_max_hag_20cm.tif,1088,4096,128,cdw,manual,,Ensemble(4 models),0.4517,2026-03-27T19:55:37
436648_2018_madal_chm_max_hag_20cm.tif,1088,4864,128,cdw,manual,,Ensemble(4 models),0.1473,2026-03-27T20:38:56
436648_2018_madal_chm_max_hag_20cm.tif,1152,640,128,cdw,manual,,Ensemble(4 models),0.9620,2026-03-27T20:45:33
436648_2018_madal_chm_max_hag_20cm.tif,1152,2432,128,no_cdw,manual,,Ensemble(4 models),0.0867,2026-03-27T20:45:05
436648_2018_madal_chm_max_hag_20cm.tif,1152,2880,128,no_cdw,manual,,Ensemble(4 models),0.1352,2026-03-27T20:40:16
436648_2018_madal_chm_max_hag_20cm.tif,1152,3200,128,cdw,manual,,Ensemble(4 models),0.5383,2026-03-27T17:45:18
436648_2018_madal_chm_max_hag_20cm.tif,1152,3584,128,cdw,manual,,Ensemble(4 models),0.4063,2026-03-27T20:17:47
436648_2018_madal_chm_max_hag_20cm.tif,1216,128,128,cdw,manual,,Ensemble(4 models),0.5722,2026-03-27T20:11:49
436648_2018_madal_chm_max_hag_20cm.tif,1216,1664,128,no_cdw,manual,,Ensemble(4 models),0.5690,2026-03-27T20:11:14
436648_2018_madal_chm_max_hag_20cm.tif,1216,2368,128,cdw,manual,,Ensemble(4 models),0.3915,2026-03-27T20:20:30
436648_2018_madal_chm_max_hag_20cm.tif,1216,3072,128,cdw,manual,,Ensemble(4 models),0.9972,2026-03-27T20:50:38
436648_2018_madal_chm_max_hag_20cm.tif,1216,3520,128,cdw,manual,,Ensemble(4 models),0.9914,2026-03-27T20:49:27
436648_2018_madal_chm_max_hag_20cm.tif,1280,0,128,cdw,manual,,Ensemble(4 models),0.4940,2026-03-27T17:36:12
436648_2018_madal_chm_max_hag_20cm.tif,1280,1856,128,no_cdw,manual,,Ensemble(4 models),0.4694,2026-03-27T17:39:30
436648_2018_madal_chm_max_hag_20cm.tif,1280,3008,128,no_cdw,manual,,Ensemble(4 models),0.1692,2026-03-27T20:37:40
436648_2018_madal_chm_max_hag_20cm.tif,1280,3328,128,cdw,manual,,Ensemble(4 models),0.9839,2026-03-27T20:46:19
436648_2018_madal_chm_max_hag_20cm.tif,1280,3456,128,cdw,manual,,Ensemble(4 models),0.9819,2026-03-27T20:46:17
436648_2018_madal_chm_max_hag_20cm.tif,1280,3968,128,cdw,manual,,Ensemble(4 models),0.4631,2026-03-27T17:41:10
436648_2018_madal_chm_max_hag_20cm.tif,1280,4288,128,cdw,manual,,Ensemble(4 models),0.5391,2026-03-27T17:45:33
436648_2018_madal_chm_max_hag_20cm.tif,1280,4544,128,cdw,manual,,Ensemble(4 models),0.5088,2026-03-27T17:36:50
436648_2018_madal_chm_max_hag_20cm.tif,1344,384,128,cdw,manual,,Ensemble(4 models),0.9922,2026-03-27T20:49:33
436648_2018_madal_chm_max_hag_20cm.tif,1344,2112,128,cdw,manual,,Ensemble(4 models),0.9452,2026-03-27T20:45:28
436648_2018_madal_chm_max_hag_20cm.tif,1344,2368,128,no_cdw,manual,,Ensemble(4 models),0.8146,2026-03-27T20:36:46
436648_2018_madal_chm_max_hag_20cm.tif,1344,3712,128,cdw,manual,,Ensemble(4 models),0.9900,2026-03-27T20:47:00
436648_2018_madal_chm_max_hag_20cm.tif,1344,4864,128,cdw,manual,,Ensemble(4 models),0.8409,2026-03-27T20:38:16
436648_2018_madal_chm_max_hag_20cm.tif,1408,64,128,cdw,manual,,Ensemble(4 models),0.5431,2026-03-27T17:46:12
436648_2018_madal_chm_max_hag_20cm.tif,1408,128,128,cdw,manual,,Ensemble(4 models),0.4635,2026-03-27T17:41:07
436648_2018_madal_chm_max_hag_20cm.tif,1408,960,128,cdw,manual,,Ensemble(4 models),0.5380,2026-03-27T17:44:58
436648_2018_madal_chm_max_hag_20cm.tif,1408,2112,128,no_cdw,manual,,Ensemble(4 models),0.5113,2026-03-27T17:37:28
436648_2018_madal_chm_max_hag_20cm.tif,1408,2176,128,no_cdw,manual,,Ensemble(4 models),0.5884,2026-03-27T20:17:09
436648_2018_madal_chm_max_hag_20cm.tif,1408,3968,128,no_cdw,manual,,Ensemble(4 models),0.3947,2026-03-27T20:20:06
436648_2018_madal_chm_max_hag_20cm.tif,1408,4160,128,no_cdw,manual,,Ensemble(4 models),0.1308,2026-03-27T20:40:33
436648_2018_madal_chm_max_hag_20cm.tif,1408,4480,128,cdw,manual,,Ensemble(4 models),0.4459,2026-03-27T19:57:10
436648_2018_madal_chm_max_hag_20cm.tif,1408,4864,128,cdw,manual,,Ensemble(4 models),0.9974,2026-03-27T20:50:39
436648_2018_madal_chm_max_hag_20cm.tif,1472,128,128,cdw,manual,,Ensemble(4 models),0.1801,2026-03-27T20:37:08
436648_2018_madal_chm_max_hag_20cm.tif,1472,704,128,cdw,manual,,Ensemble(4 models),0.3622,2026-03-27T20:21:04
436648_2018_madal_chm_max_hag_20cm.tif,1472,1152,128,no_cdw,manual,,Ensemble(4 models),0.1224,2026-03-27T20:41:42
436648_2018_madal_chm_max_hag_20cm.tif,1472,1984,128,no_cdw,auto_threshold_gate_v2,,Ensemble(4 models),0.0472,2026-03-23T20:00:44
436648_2018_madal_chm_max_hag_20cm.tif,1472,2048,128,no_cdw,auto_threshold_gate_v2,,Ensemble(4 models),0.0638,2026-03-23T20:00:44
436648_2018_madal_chm_max_hag_20cm.tif,1472,2368,128,cdw,manual,,Ensemble(4 models),0.9880,2026-03-27T20:46:51
436648_2018_madal_chm_max_hag_20cm.tif,1472,2752,128,cdw,manual,,Ensemble(4 models),0.9930,2026-03-27T20:49:56
436648_2018_madal_chm_max_hag_20cm.tif,1472,3008,128,cdw,manual,,Ensemble(4 models),0.9881,2026-03-27T20:46:54
436648_2018_madal_chm_max_hag_20cm.tif,1472,3328,128,cdw,manual,,Ensemble(4 models),0.9922,2026-03-27T20:49:32
436648_2018_madal_chm_max_hag_20cm.tif,1472,3840,128,no_cdw,manual,,Ensemble(4 models),0.5316,2026-03-27T17:39:55
436648_2018_madal_chm_max_hag_20cm.tif,1472,4160,128,no_cdw,manual,,Ensemble(4 models),0.5035,2026-03-27T17:32:30
436648_2018_madal_chm_max_hag_20cm.tif,1472,4416,128,cdw,manual,,Ensemble(4 models),0.5219,2026-03-27T17:39:03
436648_2018_madal_chm_max_hag_20cm.tif,1472,4672,128,cdw,manual,,Ensemble(4 models),0.4234,2026-03-27T20:12:08
436648_2018_madal_chm_max_hag_20cm.tif,1536,1664,128,no_cdw,manual,,Ensemble(4 models),0.1344,2026-03-27T20:40:18
436648_2018_madal_chm_max_hag_20cm.tif,1536,2944,128,cdw,manual,,Ensemble(4 models),0.9690,2026-03-27T20:45:37
436648_2018_madal_chm_max_hag_20cm.tif,1536,3776,128,no_cdw,manual,,Ensemble(4 models),0.5962,2026-03-27T20:19:15
436648_2018_madal_chm_max_hag_20cm.tif,1536,4352,128,cdw,manual,,Ensemble(4 models),0.4983,2026-03-27T17:32:21
436648_2018_madal_chm_max_hag_20cm.tif,1536,4416,128,cdw,manual,,Ensemble(4 models),0.4856,2026-03-27T17:37:39
436648_2018_madal_chm_max_hag_20cm.tif,1600,448,128,no_cdw,manual,,Ensemble(4 models),0.1983,2026-03-27T20:28:52
436648_2018_madal_chm_max_hag_20cm.tif,1600,1600,128,no_cdw,manual,,Ensemble(4 models),0.1179,2026-03-27T20:43:05
436648_2018_madal_chm_max_hag_20cm.tif,1600,1728,128,no_cdw,manual,,Ensemble(4 models),0.1269,2026-03-27T20:40:40
436648_2018_madal_chm_max_hag_20cm.tif,1600,2304,128,cdw,manual,,Ensemble(4 models),0.5965,2026-03-27T20:19:27
436648_2018_madal_chm_max_hag_20cm.tif,1600,2816,128,cdw,manual,,Ensemble(4 models),0.9878,2026-03-27T20:46:46
436648_2018_madal_chm_max_hag_20cm.tif,1600,3456,128,cdw,manual,,Ensemble(4 models),0.9909,2026-03-27T20:49:24
436648_2018_madal_chm_max_hag_20cm.tif,1600,3712,128,cdw,manual,,Ensemble(4 models),0.9766,2026-03-27T20:45:58
436648_2018_madal_chm_max_hag_20cm.tif,1600,4800,128,cdw,manual,,Ensemble(4 models),0.5843,2026-03-27T20:16:39
436648_2018_madal_chm_max_hag_20cm.tif,1600,4864,128,cdw,manual,,Ensemble(4 models),0.4055,2026-03-27T20:19:00
436648_2018_madal_chm_max_hag_20cm.tif,1664,1920,128,no_cdw,manual,,Ensemble(4 models),0.4999,2026-03-27T17:31:57
436648_2018_madal_chm_max_hag_20cm.tif,1664,2176,128,no_cdw,manual,,Ensemble(4 models),0.1297,2026-03-27T20:40:34
436648_2018_madal_chm_max_hag_20cm.tif,1664,2944,128,cdw,manual,,Ensemble(4 models),0.9867,2026-03-27T20:46:32
436648_2018_madal_chm_max_hag_20cm.tif,1664,4224,128,cdw,manual,,Ensemble(4 models),0.9919,2026-03-27T20:49:28
436648_2018_madal_chm_max_hag_20cm.tif,1664,4736,128,cdw,manual,,Ensemble(4 models),0.9942,2026-03-27T20:50:08
436648_2018_madal_chm_max_hag_20cm.tif,1728,896,128,no_cdw,manual,,Ensemble(4 models),0.1562,2026-03-27T20:38:32
436648_2018_madal_chm_max_hag_20cm.tif,1728,4480,128,cdw,manual,,Ensemble(4 models),0.4511,2026-03-27T19:56:22
436648_2018_madal_chm_max_hag_20cm.tif,1792,256,128,cdw,manual,,Ensemble(4 models),0.4953,2026-03-27T17:36:06
436648_2018_madal_chm_max_hag_20cm.tif,1792,448,128,no_cdw,manual,,Ensemble(4 models),0.1405,2026-03-27T20:39:42
436648_2018_madal_chm_max_hag_20cm.tif,1792,832,128,no_cdw,manual,,Ensemble(4 models),0.2168,2026-03-27T20:28:45
436648_2018_madal_chm_max_hag_20cm.tif,1792,1984,128,no_cdw,manual,,Ensemble(4 models),0.1205,2026-03-27T20:42:15
436648_2018_madal_chm_max_hag_20cm.tif,1792,2432,128,no_cdw,manual,,Ensemble(4 models),0.1210,2026-03-27T20:42:12
436648_2018_madal_chm_max_hag_20cm.tif,1792,2624,128,no_cdw,manual,,Ensemble(4 models),0.1286,2026-03-27T20:40:36
436648_2018_madal_chm_max_hag_20cm.tif,1792,2688,128,cdw,manual,,Ensemble(4 models),0.4994,2026-03-27T17:32:04
436648_2018_madal_chm_max_hag_20cm.tif,1792,3776,128,no_cdw,manual,,Ensemble(4 models),0.5602,2026-03-27T19:57:57
436648_2018_madal_chm_max_hag_20cm.tif,1792,3840,128,no_cdw,manual,,Ensemble(4 models),0.4691,2026-03-27T17:39:44
436648_2018_madal_chm_max_hag_20cm.tif,1792,4544,128,cdw,auto_threshold_gate_v2,,Ensemble(4 models),0.9995,2026-03-23T20:00:47
436648_2018_madal_chm_max_hag_20cm.tif,1856,2944,128,cdw,manual,,Ensemble(4 models),0.6095,2026-03-27T20:20:46
436648_2018_madal_chm_max_hag_20cm.tif,1856,4224,128,cdw,manual,,Ensemble(4 models),0.9948,2026-03-27T20:50:12
436648_2018_madal_chm_max_hag_20cm.tif,1920,192,128,no_cdw,manual,,Ensemble(4 models),0.1644,2026-03-27T20:37:59
436648_2018_madal_chm_max_hag_20cm.tif,1920,704,128,no_cdw,manual,,Ensemble(4 models),0.6028,2026-03-27T20:19:54
436648_2018_madal_chm_max_hag_20cm.tif,1920,1216,128,no_cdw,manual,,Ensemble(4 models),0.1979,2026-03-27T20:28:54
436648_2018_madal_chm_max_hag_20cm.tif,1920,3072,128,no_cdw,manual,,Ensemble(4 models),0.1277,2026-03-27T20:40:37
436648_2018_madal_chm_max_hag_20cm.tif,1920,3712,128,cdw,manual,,Ensemble(4 models),0.4179,2026-03-27T20:13:15
436648_2018_madal_chm_max_hag_20cm.tif,1920,4800,128,cdw,manual,,Ensemble(4 models),0.9960,2026-03-27T20:50:25
436648_2018_madal_chm_max_hag_20cm.tif,1984,64,128,no_cdw,manual,,Ensemble(4 models),0.1241,2026-03-27T20:40:58
436648_2018_madal_chm_max_hag_20cm.tif,1984,1344,128,no_cdw,manual,,Ensemble(4 models),0.1139,2026-03-27T20:43:57
436648_2018_madal_chm_max_hag_20cm.tif,1984,3072,128,no_cdw,manual,,Ensemble(4 models),0.1214,2026-03-27T20:42:00
436648_2018_madal_chm_max_hag_20cm.tif,1984,3200,128,cdw,manual,,Ensemble(4 models),0.4050,2026-03-27T20:19:04
436648_2018_madal_chm_max_hag_20cm.tif,1984,3712,128,cdw,manual,,Ensemble(4 models),0.6913,2026-03-27T20:21:14
436648_2018_madal_chm_max_hag_20cm.tif,2048,960,128,no_cdw,manual,,Ensemble(4 models),0.5352,2026-03-27T17:40:57
436648_2018_madal_chm_max_hag_20cm.tif,2048,1216,128,no_cdw,manual,,Ensemble(4 models),0.5491,2026-03-27T19:56:26
436648_2018_madal_chm_max_hag_20cm.tif,2048,3264,128,cdw,manual,,Ensemble(4 models),0.5010,2026-03-27T17:32:09
436648_2018_madal_chm_max_hag_20cm.tif,2048,3520,128,no_cdw,manual,,Ensemble(4 models),0.1141,2026-03-27T20:43:56
436648_2018_madal_chm_max_hag_20cm.tif,2048,4032,128,no_cdw,manual,,Ensemble(4 models),0.2129,2026-03-27T20:28:50
436648_2018_madal_chm_max_hag_20cm.tif,2112,1088,128,no_cdw,manual,,Ensemble(4 models),0.3907,2026-03-27T20:20:41
436648_2018_madal_chm_max_hag_20cm.tif,2112,1152,128,no_cdw,manual,,Ensemble(4 models),0.3908,2026-03-27T20:20:34
436648_2018_madal_chm_max_hag_20cm.tif,2112,1216,128,no_cdw,manual,,Ensemble(4 models),0.3227,2026-03-27T20:21:08
436648_2018_madal_chm_max_hag_20cm.tif,2112,1792,128,cdw,manual,,Ensemble(4 models),0.1857,2026-03-27T20:28:59
436648_2018_madal_chm_max_hag_20cm.tif,2112,2944,128,cdw,manual,,Ensemble(4 models),0.4785,2026-03-27T17:38:27
436648_2018_madal_chm_max_hag_20cm.tif,2112,3008,128,cdw,manual,,Ensemble(4 models),0.4236,2026-03-27T20:12:06
436648_2018_madal_chm_max_hag_20cm.tif,2112,3328,128,no_cdw,manual,,Ensemble(4 models),0.1325,2026-03-27T20:40:30
436648_2018_madal_chm_max_hag_20cm.tif,2112,3520,128,cdw,manual,,Ensemble(4 models),0.4398,2026-03-27T19:57:58
436648_2018_madal_chm_max_hag_20cm.tif,2112,3584,128,cdw,manual,,Ensemble(4 models),0.4284,2026-03-27T20:11:46
436648_2018_madal_chm_max_hag_20cm.tif,2112,3904,128,cdw,manual,,Ensemble(4 models),0.9794,2026-03-27T20:46:04
436648_2018_madal_chm_max_hag_20cm.tif,2176,192,128,no_cdw,manual,,Ensemble(4 models),0.1072,2026-03-27T20:44:16
436648_2018_madal_chm_max_hag_20cm.tif,2176,640,128,no_cdw,manual,,Ensemble(4 models),0.4160,2026-03-27T20:16:12
436648_2018_madal_chm_max_hag_20cm.tif,2176,768,128,no_cdw,manual,,Ensemble(4 models),0.1261,2026-03-27T20:40:49
436648_2018_madal_chm_max_hag_20cm.tif,2176,1024,128,no_cdw,manual,,Ensemble(4 models),0.5684,2026-03-27T20:11:05
436648_2018_madal_chm_max_hag_20cm.tif,2176,1088,128,no_cdw,manual,,Ensemble(4 models),0.5219,2026-03-27T17:38:30
436648_2018_madal_chm_max_hag_20cm.tif,2176,1152,128,no_cdw,manual,,Ensemble(4 models),0.4386,2026-03-27T19:58:03
436648_2018_madal_chm_max_hag_20cm.tif,2176,1408,128,no_cdw,manual,,Ensemble(4 models),0.1382,2026-03-27T20:39:54
436648_2018_madal_chm_max_hag_20cm.tif,2176,2688,128,no_cdw,manual,,Ensemble(4 models),0.1364,2026-03-27T20:40:14
436648_2018_madal_chm_max_hag_20cm.tif,2176,2816,128,no_cdw,manual,,Ensemble(4 models),0.6827,2026-03-27T20:21:11
436648_2018_madal_chm_max_hag_20cm.tif,2176,2944,128,cdw,manual,,Ensemble(4 models),0.4719,2026-03-27T17:39:18
436648_2018_madal_chm_max_hag_20cm.tif,2176,3520,128,cdw,manual,,Ensemble(4 models),0.5851,2026-03-27T20:16:44
436648_2018_madal_chm_max_hag_20cm.tif,2176,3584,128,cdw,manual,,Ensemble(4 models),0.4315,2026-03-27T20:11:08
436648_2018_madal_chm_max_hag_20cm.tif,2176,3840,128,cdw,manual,,Ensemble(4 models),0.5323,2026-03-27T17:40:01
436648_2018_madal_chm_max_hag_20cm.tif,2176,4288,128,cdw,manual,,Ensemble(4 models),0.9912,2026-03-27T20:49:25
436648_2018_madal_chm_max_hag_20cm.tif,2240,0,128,cdw,manual,,Ensemble(4 models),0.4796,2026-03-27T17:38:26
436648_2018_madal_chm_max_hag_20cm.tif,2240,448,128,no_cdw,manual,,Ensemble(4 models),0.1207,2026-03-27T20:42:13
436648_2018_madal_chm_max_hag_20cm.tif,2240,2944,128,cdw,manual,,Ensemble(4 models),0.5265,2026-03-27T17:39:15
436648_2018_madal_chm_max_hag_20cm.tif,2240,3136,128,no_cdw,manual,,Ensemble(4 models),0.4975,2026-03-27T17:32:25
436648_2018_madal_chm_max_hag_20cm.tif,2240,3648,128,cdw,manual,,Ensemble(4 models),0.5448,2026-03-27T17:46:18
436648_2018_madal_chm_max_hag_20cm.tif,2304,512,128,no_cdw,manual,,Ensemble(4 models),0.1372,2026-03-27T20:40:03
436648_2018_madal_chm_max_hag_20cm.tif,2304,4160,128,cdw,manual,,Ensemble(4 models),0.9050,2026-03-27T20:44:54
436648_2018_madal_chm_max_hag_20cm.tif,2432,64,128,cdw,manual,,Ensemble(4 models),0.4115,2026-03-27T20:17:14
436648_2018_madal_chm_max_hag_20cm.tif,2432,384,128,no_cdw,manual,,Ensemble(4 models),0.1230,2026-03-27T20:41:31
436648_2018_madal_chm_max_hag_20cm.tif,2432,1728,128,no_cdw,manual,,Ensemble(4 models),0.1168,2026-03-27T20:43:19
436648_2018_madal_chm_max_hag_20cm.tif,2432,2176,128,no_cdw,manual,,Ensemble(4 models),0.1238,2026-03-27T20:41:08
436648_2018_madal_chm_max_hag_20cm.tif,2432,4096,128,cdw,manual,,Ensemble(4 models),0.4215,2026-03-27T20:12:10
436648_2018_madal_chm_max_hag_20cm.tif,2432,4160,128,cdw,manual,,Ensemble(4 models),0.9808,2026-03-27T20:46:11
436648_2018_madal_chm_max_hag_20cm.tif,2496,0,128,cdw,manual,,Ensemble(4 models),0.9409,2026-03-27T20:45:18
436648_2018_madal_chm_max_hag_20cm.tif,2496,1600,128,cdw,manual,,Ensemble(4 models),0.3935,2026-03-27T20:20:20
436648_2018_madal_chm_max_hag_20cm.tif,2496,3136,128,cdw,manual,,Ensemble(4 models),0.4562,2026-03-27T17:46:13
436648_2018_madal_chm_max_hag_20cm.tif,2496,3200,128,cdw,manual,,Ensemble(4 models),0.5999,2026-03-27T20:19:36
436648_2018_madal_chm_max_hag_20cm.tif,2496,3776,128,cdw,manual,,Ensemble(4 models),0.9963,2026-03-27T20:50:26
436648_2018_madal_chm_max_hag_20cm.tif,2496,4224,128,cdw,manual,,Ensemble(4 models),0.9928,2026-03-27T20:49:35
436648_2018_madal_chm_max_hag_20cm.tif,2560,3008,128,no_cdw,manual,,Ensemble(4 models),0.1224,2026-03-27T20:41:58
436648_2018_madal_chm_max_hag_20cm.tif,2560,3648,128,cdw,manual,,Ensemble(4 models),0.4660,2026-03-27T17:40:46
436648_2018_madal_chm_max_hag_20cm.tif,2560,4160,128,cdw,manual,,Ensemble(4 models),0.9704,2026-03-27T20:45:51
436648_2018_madal_chm_max_hag_20cm.tif,2624,128,128,no_cdw,manual,,Ensemble(4 models),0.1149,2026-03-27T20:43:40
436648_2018_madal_chm_max_hag_20cm.tif,2624,1408,128,no_cdw,manual,,Ensemble(4 models),0.0949,2026-03-27T20:44:55
436648_2018_madal_chm_max_hag_20cm.tif,2624,1792,128,no_cdw,manual,,Ensemble(4 models),0.1060,2026-03-27T20:44:24
436648_2018_madal_chm_max_hag_20cm.tif,2624,3456,128,cdw,manual,,Ensemble(4 models),0.9958,2026-03-27T20:50:24
436648_2018_madal_chm_max_hag_20cm.tif,2624,4032,128,cdw,manual,,Ensemble(4 models),0.5079,2026-03-27T17:36:47
436648_2018_madal_chm_max_hag_20cm.tif,2624,4864,128,cdw,manual,,Ensemble(4 models),0.9955,2026-03-27T20:50:15
436648_2018_madal_chm_max_hag_20cm.tif,2688,1536,128,no_cdw,manual,,Ensemble(4 models),0.1790,2026-03-27T20:37:12
436648_2018_madal_chm_max_hag_20cm.tif,2688,2368,128,no_cdw,manual,,Ensemble(4 models),0.1238,2026-03-27T20:41:01
436648_2018_madal_chm_max_hag_20cm.tif,2688,3456,128,cdw,manual,,Ensemble(4 models),0.9963,2026-03-27T20:50:33
436648_2018_madal_chm_max_hag_20cm.tif,2688,3968,128,cdw,manual,,Ensemble(4 models),0.5322,2026-03-27T17:39:56
436648_2018_madal_chm_max_hag_20cm.tif,2688,4032,128,cdw,manual,,Ensemble(4 models),0.3994,2026-03-27T20:19:42
436648_2018_madal_chm_max_hag_20cm.tif,2688,4480,128,cdw,manual,,Ensemble(4 models),0.9789,2026-03-27T20:46:01
436648_2018_madal_chm_max_hag_20cm.tif,2688,4800,128,cdw,manual,,Ensemble(4 models),0.9980,2026-03-27T20:50:42
436648_2018_madal_chm_max_hag_20cm.tif,2752,2944,128,cdw,manual,,Ensemble(4 models),0.4263,2026-03-27T20:11:53
436648_2018_madal_chm_max_hag_20cm.tif,2752,3264,128,no_cdw,manual,,Ensemble(4 models),0.1031,2026-03-27T20:44:31
436648_2018_madal_chm_max_hag_20cm.tif,2816,1472,128,no_cdw,manual,,Ensemble(4 models),0.1610,2026-03-27T20:38:08
436648_2018_madal_chm_max_hag_20cm.tif,2816,3648,128,no_cdw,manual,,Ensemble(4 models),0.5095,2026-03-27T17:37:19
436648_2018_madal_chm_max_hag_20cm.tif,2816,4032,128,cdw,manual,,Ensemble(4 models),0.4549,2026-03-27T17:46:38
436648_2018_madal_chm_max_hag_20cm.tif,2880,0,128,cdw,manual,,Ensemble(4 models),0.3980,2026-03-27T20:19:48
436648_2018_madal_chm_max_hag_20cm.tif,2880,4288,128,cdw,manual,,Ensemble(4 models),0.9965,2026-03-27T20:50:35
436648_2018_madal_chm_max_hag_20cm.tif,2880,4544,128,cdw,manual,,Ensemble(4 models),0.5108,2026-03-27T17:37:21
436648_2018_madal_chm_max_hag_20cm.tif,3008,0,128,cdw,manual,,Ensemble(4 models),0.9850,2026-03-27T20:46:25
436648_2018_madal_chm_max_hag_20cm.tif,3008,3904,128,cdw,manual,,Ensemble(4 models),0.9871,2026-03-27T20:46:35
436648_2018_madal_chm_max_hag_20cm.tif,3072,3136,128,cdw,manual,,Ensemble(4 models),0.9889,2026-03-27T20:46:57
436648_2018_madal_chm_max_hag_20cm.tif,3136,2496,128,cdw,manual,,Ensemble(4 models),0.9645,2026-03-27T20:45:35
436648_2018_madal_chm_max_hag_20cm.tif,3136,3136,128,cdw,manual,,Ensemble(4 models),0.4086,2026-03-27T20:17:26
436648_2018_madal_chm_max_hag_20cm.tif,3136,3200,128,cdw,manual,,Ensemble(4 models),0.5045,2026-03-27T17:36:05
436648_2018_madal_chm_max_hag_20cm.tif,3200,3136,128,cdw,manual,,Ensemble(4 models),0.1190,2026-03-27T20:42:45
436648_2018_madal_chm_max_hag_20cm.tif,3200,4288,128,cdw,manual,,Ensemble(4 models),0.9938,2026-03-27T20:49:59
436648_2018_madal_chm_max_hag_20cm.tif,3200,4608,128,cdw,manual,,Ensemble(4 models),0.9849,2026-03-27T20:46:23
436648_2018_madal_chm_max_hag_20cm.tif,3264,1792,128,cdw,manual,,Ensemble(4 models),0.1181,2026-03-27T20:43:00
436648_2018_madal_chm_max_hag_20cm.tif,3264,2368,128,cdw,manual,,Ensemble(4 models),0.1267,2026-03-27T20:40:45
436648_2018_madal_chm_max_hag_20cm.tif,3264,2688,128,no_cdw,manual,,Ensemble(4 models),0.4816,2026-03-27T17:38:21
436648_2018_madal_chm_max_hag_20cm.tif,3264,2752,128,cdw,manual,,Ensemble(4 models),0.5898,2026-03-27T20:17:18
436648_2018_madal_chm_max_hag_20cm.tif,3264,2816,128,cdw,manual,,Ensemble(4 models),0.5919,2026-03-27T20:17:34
436648_2018_madal_chm_max_hag_20cm.tif,3264,2880,128,cdw,manual,,Ensemble(4 models),0.4162,2026-03-27T20:16:10
436648_2018_madal_chm_max_hag_20cm.tif,3328,640,128,cdw,manual,,Ensemble(4 models),0.4826,2026-03-27T17:38:04
436648_2018_madal_chm_max_hag_20cm.tif,3328,1472,128,no_cdw,manual,,Ensemble(4 models),0.1350,2026-03-27T20:40:17
436648_2018_madal_chm_max_hag_20cm.tif,3328,3008,128,no_cdw,manual,,Ensemble(4 models),0.2604,2026-03-27T20:21:37
436648_2018_madal_chm_max_hag_20cm.tif,3328,3328,128,no_cdw,manual,,Ensemble(4 models),0.4738,2026-03-27T17:39:12
436648_2018_madal_chm_max_hag_20cm.tif,3328,4800,128,cdw,manual,,Ensemble(4 models),0.9855,2026-03-27T20:46:30
436648_2018_madal_chm_max_hag_20cm.tif,3392,640,128,cdw,manual,,Ensemble(4 models),0.7716,2026-03-27T20:28:39
436648_2018_madal_chm_max_hag_20cm.tif,3392,832,128,cdw,manual,,Ensemble(4 models),0.5335,2026-03-27T17:40:38
436648_2018_madal_chm_max_hag_20cm.tif,3392,896,128,cdw,manual,,Ensemble(4 models),0.3941,2026-03-27T20:20:13
436648_2018_madal_chm_max_hag_20cm.tif,3392,1088,128,cdw,manual,,Ensemble(4 models),0.1676,2026-03-27T20:37:55
436648_2018_madal_chm_max_hag_20cm.tif,3392,1792,128,cdw,manual,,Ensemble(4 models),0.4622,2026-03-27T17:41:14
436648_2018_madal_chm_max_hag_20cm.tif,3392,1984,128,no_cdw,manual,,Ensemble(4 models),0.1248,2026-03-27T20:40:55
436648_2018_madal_chm_max_hag_20cm.tif,3392,2496,128,no_cdw,manual,,Ensemble(4 models),0.1701,2026-03-27T20:37:38
436648_2018_madal_chm_max_hag_20cm.tif,3392,2688,128,cdw,manual,,Ensemble(4 models),0.5882,2026-03-27T20:16:51
436648_2018_madal_chm_max_hag_20cm.tif,3392,2752,128,cdw,manual,,Ensemble(4 models),0.4058,2026-03-27T20:17:53
436648_2018_madal_chm_max_hag_20cm.tif,3392,3136,128,cdw,manual,,Ensemble(4 models),0.9940,2026-03-27T20:50:00
436648_2018_madal_chm_max_hag_20cm.tif,3392,3584,128,cdw,manual,,Ensemble(4 models),0.1340,2026-03-27T20:40:28
436648_2018_madal_chm_max_hag_20cm.tif,3392,4160,128,no_cdw,manual,,Ensemble(4 models),0.2629,2026-03-27T20:21:34
436648_2018_madal_chm_max_hag_20cm.tif,3456,1792,128,cdw,manual,,Ensemble(4 models),0.5040,2026-03-27T17:36:00
436648_2018_madal_chm_max_hag_20cm.tif,3456,2688,128,cdw,manual,,Ensemble(4 models),0.4579,2026-03-27T17:46:10
436648_2018_madal_chm_max_hag_20cm.tif,3456,3008,128,cdw,manual,,Ensemble(4 models),0.9639,2026-03-27T20:45:34
436648_2018_madal_chm_max_hag_20cm.tif,3456,3520,128,cdw,manual,,Ensemble(4 models),0.2595,2026-03-27T20:21:43
436648_2018_madal_chm_max_hag_20cm.tif,3456,4608,128,cdw,manual,,Ensemble(4 models),0.9945,2026-03-27T20:50:10
436648_2018_madal_chm_max_hag_20cm.tif,3520,768,128,cdw,auto_threshold_gate_v2,,Ensemble(4 models),0.9995,2026-03-23T20:00:59
436648_2018_madal_chm_max_hag_20cm.tif,3520,960,128,cdw,manual,,Ensemble(4 models),0.5586,2026-03-27T19:57:19
436648_2018_madal_chm_max_hag_20cm.tif,3520,1472,128,no_cdw,manual,,Ensemble(4 models),0.1041,2026-03-27T20:44:26
436648_2018_madal_chm_max_hag_20cm.tif,3520,2560,128,cdw,manual,,Ensemble(4 models),0.4300,2026-03-27T20:11:44
436648_2018_madal_chm_max_hag_20cm.tif,3520,2624,128,no_cdw,manual,,Ensemble(4 models),0.1159,2026-03-27T20:43:27
436648_2018_madal_chm_max_hag_20cm.tif,3520,3840,128,cdw,manual,,Ensemble(4 models),0.5569,2026-03-27T19:57:17
436648_2018_madal_chm_max_hag_20cm.tif,3520,4736,128,cdw,manual,,Ensemble(4 models),0.9660,2026-03-27T20:45:36
436648_2018_madal_chm_max_hag_20cm.tif,3584,256,128,no_cdw,manual,,Ensemble(4 models),0.1221,2026-03-27T20:41:59
436648_2018_madal_chm_max_hag_20cm.tif,3584,960,128,cdw,manual,,Ensemble(4 models),0.3858,2026-03-27T20:20:58
436648_2018_madal_chm_max_hag_20cm.tif,3584,1344,128,no_cdw,manual,,Ensemble(4 models),0.1100,2026-03-27T20:44:04
436648_2018_madal_chm_max_hag_20cm.tif,3584,2624,128,no_cdw,manual,,Ensemble(4 models),0.1118,2026-03-27T20:44:02
436648_2018_madal_chm_max_hag_20cm.tif,3584,3584,128,no_cdw,manual,,Ensemble(4 models),0.1233,2026-03-27T20:41:27
436648_2018_madal_chm_max_hag_20cm.tif,3584,3904,128,cdw,manual,,Ensemble(4 models),0.5453,2026-03-27T19:55:27
436648_2018_madal_chm_max_hag_20cm.tif,3648,960,128,cdw,manual,,Ensemble(4 models),0.5825,2026-03-27T20:13:17
436648_2018_madal_chm_max_hag_20cm.tif,3648,3904,128,cdw,manual,,Ensemble(4 models),0.5481,2026-03-27T19:55:31
436648_2018_madal_chm_max_hag_20cm.tif,3648,4160,128,cdw,manual,,Ensemble(4 models),0.5052,2026-03-27T17:36:08
436648_2018_madal_chm_max_hag_20cm.tif,3712,704,128,cdw,manual,,Ensemble(4 models),0.9929,2026-03-27T20:49:53
436648_2018_madal_chm_max_hag_20cm.tif,3712,832,128,cdw,manual,,Ensemble(4 models),0.9958,2026-03-27T20:50:19
436648_2018_madal_chm_max_hag_20cm.tif,3712,2688,128,no_cdw,manual,,Ensemble(4 models),0.1165,2026-03-27T20:43:21
436648_2018_madal_chm_max_hag_20cm.tif,3712,4160,128,cdw,manual,,Ensemble(4 models),0.4370,2026-03-27T20:10:15
436648_2018_madal_chm_max_hag_20cm.tif,3776,2560,128,cdw,manual,,Ensemble(4 models),0.5818,2026-03-27T20:13:06
436648_2018_madal_chm_max_hag_20cm.tif,3776,2816,128,no_cdw,manual,,Ensemble(4 models),0.1441,2026-03-27T20:39:40
436648_2018_madal_chm_max_hag_20cm.tif,3776,3584,128,cdw,manual,,Ensemble(4 models),0.5114,2026-03-27T17:37:33
436648_2018_madal_chm_max_hag_20cm.tif,3776,3648,128,no_cdw,manual,,Ensemble(4 models),0.5292,2026-03-27T17:39:25
436648_2018_madal_chm_max_hag_20cm.tif,3776,4608,128,cdw,manual,,Ensemble(4 models),0.9875,2026-03-27T20:46:41
436648_2018_madal_chm_max_hag_20cm.tif,3840,2112,128,no_cdw,manual,,Ensemble(4 models),0.1253,2026-03-27T20:40:53
436648_2018_madal_chm_max_hag_20cm.tif,3840,2560,128,cdw,manual,,Ensemble(4 models),0.5074,2026-03-27T17:36:46
436648_2018_madal_chm_max_hag_20cm.tif,3840,3008,128,cdw,auto_threshold_gate_v2,,Ensemble(4 models),0.9999,2026-03-23T20:01:02
436648_2018_madal_chm_max_hag_20cm.tif,3840,3072,128,cdw,auto_threshold_gate_v2,,Ensemble(4 models),0.9996,2026-03-23T20:01:02
436648_2018_madal_chm_max_hag_20cm.tif,3840,3328,128,cdw,manual,,Ensemble(4 models),0.4652,2026-03-27T17:40:54
436648_2018_madal_chm_max_hag_20cm.tif,3840,4608,128,cdw,manual,,Ensemble(4 models),0.9941,2026-03-27T20:50:07
436648_2018_madal_chm_max_hag_20cm.tif,3840,4800,128,cdw,manual,,Ensemble(4 models),0.9898,2026-03-27T20:46:58
436648_2018_madal_chm_max_hag_20cm.tif,3904,2496,128,cdw,manual,,Ensemble(4 models),0.2527,2026-03-27T20:21:57
436648_2018_madal_chm_max_hag_20cm.tif,3904,3072,128,cdw,auto_threshold_gate_v2,,Ensemble(4 models),0.9996,2026-03-23T20:01:02
436648_2018_madal_chm_max_hag_20cm.tif,3904,3264,128,cdw,manual,,Ensemble(4 models),0.9982,2026-03-27T20:50:45
436648_2018_madal_chm_max_hag_20cm.tif,3904,3392,128,cdw,manual,,Ensemble(4 models),0.9160,2026-03-27T20:45:09
436648_2018_madal_chm_max_hag_20cm.tif,3904,4160,128,cdw,manual,,Ensemble(4 models),0.9884,2026-03-27T20:46:55
436648_2018_madal_chm_max_hag_20cm.tif,3904,4288,128,cdw,manual,,Ensemble(4 models),0.9964,2026-03-27T20:50:34
436648_2018_madal_chm_max_hag_20cm.tif,3904,4800,128,cdw,manual,,Ensemble(4 models),0.9851,2026-03-27T20:46:27
436648_2018_madal_chm_max_hag_20cm.tif,3968,1088,128,cdw,manual,,Ensemble(4 models),0.4936,2026-03-27T17:36:23
436648_2018_madal_chm_max_hag_20cm.tif,3968,1536,128,no_cdw,manual,,Ensemble(4 models),0.1381,2026-03-27T20:39:56
436648_2018_madal_chm_max_hag_20cm.tif,3968,2176,128,no_cdw,manual,,Ensemble(4 models),0.0962,2026-03-27T20:44:52
436648_2018_madal_chm_max_hag_20cm.tif,3968,3392,128,cdw,manual,,Ensemble(4 models),0.9942,2026-03-27T20:50:09
436648_2018_madal_chm_max_hag_20cm.tif,3968,3648,128,cdw,manual,,Ensemble(4 models),0.4663,2026-03-27T17:40:44
436648_2018_madal_chm_max_hag_20cm.tif,4032,2688,128,cdw,manual,,Ensemble(4 models),0.9853,2026-03-27T20:46:28
436648_2018_madal_chm_max_hag_20cm.tif,4032,3200,128,cdw,manual,,Ensemble(4 models),0.4820,2026-03-27T17:38:08
436648_2018_madal_chm_max_hag_20cm.tif,4032,3968,128,cdw,manual,,Ensemble(4 models),0.9808,2026-03-27T20:46:08
436648_2018_madal_chm_max_hag_20cm.tif,4096,1600,128,no_cdw,manual,,Ensemble(4 models),0.1427,2026-03-27T20:39:41
436648_2018_madal_chm_max_hag_20cm.tif,4096,1856,128,no_cdw,manual,,Ensemble(4 models),0.1191,2026-03-27T20:42:31
436648_2018_madal_chm_max_hag_20cm.tif,4096,2368,128,cdw,manual,,Ensemble(4 models),0.5760,2026-03-27T20:12:04
436648_2018_madal_chm_max_hag_20cm.tif,4096,2880,128,cdw,manual,,Ensemble(4 models),0.9930,2026-03-27T20:49:54
436648_2018_madal_chm_max_hag_20cm.tif,4096,3968,128,cdw,manual,,Ensemble(4 models),0.5982,2026-03-27T20:19:34
436648_2018_madal_chm_max_hag_20cm.tif,4096,4800,128,cdw,manual,,Ensemble(4 models),0.9976,2026-03-27T20:50:40
436648_2018_madal_chm_max_hag_20cm.tif,4160,2624,128,cdw,manual,,Ensemble(4 models),0.9907,2026-03-27T20:49:23
436648_2018_madal_chm_max_hag_20cm.tif,4160,3008,128,cdw,manual,,Ensemble(4 models),0.9854,2026-03-27T20:46:29
436648_2018_madal_chm_max_hag_20cm.tif,4224,1792,128,no_cdw,manual,,Ensemble(4 models),0.4669,2026-03-27T17:40:32
436648_2018_madal_chm_max_hag_20cm.tif,4224,2240,128,no_cdw,manual,,Ensemble(4 models),0.1017,2026-03-27T20:44:34
436648_2018_madal_chm_max_hag_20cm.tif,4224,3520,128,cdw,manual,,Ensemble(4 models),0.5365,2026-03-27T17:41:04
436648_2018_madal_chm_max_hag_20cm.tif,4224,3776,128,cdw,manual,,Ensemble(4 models),0.5944,2026-03-27T20:18:39
436648_2018_madal_chm_max_hag_20cm.tif,4288,2496,128,cdw,manual,,Ensemble(4 models),0.6096,2026-03-27T20:20:51
436648_2018_madal_chm_max_hag_20cm.tif,4288,2688,128,cdw,manual,,Ensemble(4 models),0.9946,2026-03-27T20:50:11
436648_2018_madal_chm_max_hag_20cm.tif,4288,3264,128,cdw,manual,,Ensemble(4 models),0.9517,2026-03-27T20:45:30
436648_2018_madal_chm_max_hag_20cm.tif,4288,3904,128,cdw,manual,,Ensemble(4 models),0.9873,2026-03-27T20:46:36
436648_2018_madal_chm_max_hag_20cm.tif,4352,4736,128,cdw,manual,,Ensemble(4 models),0.9876,2026-03-27T20:46:42
436648_2018_madal_chm_max_hag_20cm.tif,4416,1984,128,no_cdw,manual,,Ensemble(4 models),0.1163,2026-03-27T20:43:25
436648_2018_madal_chm_max_hag_20cm.tif,4416,2176,128,no_cdw,manual,,Ensemble(4 models),0.5313,2026-03-27T17:39:48
436648_2018_madal_chm_max_hag_20cm.tif,4416,2944,128,no_cdw,manual,,Ensemble(4 models),0.1588,2026-03-27T20:38:20
436648_2018_madal_chm_max_hag_20cm.tif,4480,512,128,no_cdw,manual,,Ensemble(4 models),0.1243,2026-03-27T20:40:56
436648_2018_madal_chm_max_hag_20cm.tif,4480,2112,128,no_cdw,manual,,Ensemble(4 models),0.1579,2026-03-27T20:38:24
436648_2018_madal_chm_max_hag_20cm.tif,4480,2688,128,cdw,manual,,Ensemble(4 models),0.5805,2026-03-27T20:12:58
436648_2018_madal_chm_max_hag_20cm.tif,4480,3008,128,no_cdw,manual,,Ensemble(4 models),0.1171,2026-03-27T20:43:11
436648_2018_madal_chm_max_hag_20cm.tif,4480,3648,128,no_cdw,manual,,Ensemble(4 models),0.1442,2026-03-27T20:39:37
436648_2018_madal_chm_max_hag_20cm.tif,4480,3968,128,cdw,manual,,Ensemble(4 models),0.9902,2026-03-27T20:49:22
436648_2018_madal_chm_max_hag_20cm.tif,4544,384,128,no_cdw,manual,,Ensemble(4 models),0.4322,2026-03-27T20:10:49
436648_2018_madal_chm_max_hag_20cm.tif,4544,704,128,no_cdw,manual,,Ensemble(4 models),0.1184,2026-03-27T20:42:47
436648_2018_madal_chm_max_hag_20cm.tif,4608,3968,128,cdw,manual,,Ensemble(4 models),0.1212,2026-03-27T20:42:10
436648_2018_madal_chm_max_hag_20cm.tif,4608,4160,128,cdw,manual,,Ensemble(4 models),0.9862,2026-03-27T20:46:31
436648_2018_madal_chm_max_hag_20cm.tif,4672,1984,128,no_cdw,manual,,Ensemble(4 models),0.1632,2026-03-27T20:38:04
436648_2018_madal_chm_max_hag_20cm.tif,4736,2880,128,no_cdw,manual,,Ensemble(4 models),0.1228,2026-03-27T20:41:35
436648_2018_madal_chm_max_hag_20cm.tif,4736,3328,128,no_cdw,manual,,Ensemble(4 models),0.1152,2026-03-27T20:43:34
436648_2018_madal_chm_max_hag_20cm.tif,4800,512,128,no_cdw,manual,,Ensemble(4 models),0.1087,2026-03-27T20:44:13
436648_2018_madal_chm_max_hag_20cm.tif,4800,2432,128,no_cdw,manual,,Ensemble(4 models),0.1131,2026-03-27T20:43:59
436648_2018_madal_chm_max_hag_20cm.tif,4800,2944,128,no_cdw,manual,,Ensemble(4 models),0.1255,2026-03-27T20:40:52
436648_2018_madal_chm_max_hag_20cm.tif,4800,3904,128,cdw,manual,,Ensemble(4 models),0.9792,2026-03-27T20:46:02
436648_2018_madal_chm_max_hag_20cm.tif,4864,192,128,no_cdw,manual,,Ensemble(4 models),0.1029,2026-03-27T20:44:32
436648_2018_madal_chm_max_hag_20cm.tif,4864,640,128,no_cdw,manual,,Ensemble(4 models),0.0909,2026-03-27T20:44:58
436648_2018_madal_chm_max_hag_20cm.tif,4864,1088,128,no_cdw,manual,,Ensemble(4 models),0.1287,2026-03-27T20:40:35
436648_2018_madal_chm_max_hag_20cm.tif,4864,4224,128,cdw,manual,,Ensemble(4 models),0.9970,2026-03-27T20:50:37
