rank,rank_score,base_score,diversity_prior,tile_id,sample_id,mapsheet,year,raster_path,row_off,col_off,chunk_size,legacy_prob,legacy_entropy,border_uncertainty,ratio_score,structure_score,cam_uncertainty,cam_mean,mask_positive_ratio,components_total,components_kept,mask_file,cam_file,mask_path,cam_path
1,0.080198,0.358655,0.223607,401675_2022_madal:gauss:1280:1280,401675_2022_madal,401675,2022,/home/tpipar/project/Lamapuit/output/chm_dataset_harmonized_0p8m_raw_gauss/chm_gauss/401675_2022_madal_harmonized_dem_last_gauss_chm.tif,1280,1280,128,,0.141760,0.658784,0.820530,0.000000,0.141760,0.070880,0.024841,1.000,0.000,401675_2022_madal_gauss_1280_1280_mask.npy,401675_2022_madal_gauss_1280_1280_cam.npy,/home/tpipar/project/Lamapuit/output/cam_masks_gradcam_lineaware_smallsplit/401675_2022_madal_gauss_1280_1280_mask.npy,/home/tpipar/project/Lamapuit/output/cam_masks_gradcam_lineaware_smallsplit/401675_2022_madal_gauss_1280_1280_cam.npy
2,0.076652,0.342797,0.223607,401675_2022_madal:gauss:2560:1536,401675_2022_madal,401675,2022,/home/tpipar/project/Lamapuit/output/chm_dataset_harmonized_0p8m_raw_gauss/chm_gauss/401675_2022_madal_harmonized_dem_last_gauss_chm.tif,2560,1536,128,,0.108072,0.689929,0.775189,0.000000,0.108072,0.054036,0.021454,1.000,0.000,401675_2022_madal_gauss_2560_1536_mask.npy,401675_2022_madal_gauss_2560_1536_cam.npy,/home/tpipar/project/Lamapuit/output/cam_masks_gradcam_lineaware_smallsplit/401675_2022_madal_gauss_2560_1536_mask.npy,/home/tpipar/project/Lamapuit/output/cam_masks_gradcam_lineaware_smallsplit/401675_2022_madal_gauss_2560_1536_cam.npy
3,0.075566,0.337940,0.223607,401675_2022_madal:gauss:2048:1024,401675_2022_madal,401675,2022,/home/tpipar/project/Lamapuit/output/chm_dataset_harmonized_0p8m_raw_gauss/chm_gauss/401675_2022_madal_harmonized_dem_last_gauss_chm.tif,2048,1024,128,,0.115308,0.627999,0.821909,0.000000,0.115308,0.057654,0.024948,1.000,0.000,401675_2022_madal_gauss_2048_1024_mask.npy,401675_2022_madal_gauss_2048_1024_cam.npy,/home/tpipar/project/Lamapuit/output/cam_masks_gradcam_lineaware_smallsplit/401675_2022_madal_gauss_2048_1024_mask.npy,/home/tpipar/project/Lamapuit/output/cam_masks_gradcam_lineaware_smallsplit/401675_2022_madal_gauss_2048_1024_cam.npy
4,0.075507,0.354157,0.213201,401677_2022_madal:gauss:512:1984,401677_2022_madal,401677,2022,/home/tpipar/project/Lamapuit/output/chm_dataset_harmonized_0p8m_raw_gauss/chm_gauss/401677_2022_madal_harmonized_dem_last_gauss_chm.tif,512,1984,128,,0.133040,0.669030,0.802532,0.000000,0.133040,0.066520,0.023468,1.000,0.000,401677_2022_madal_gauss_512_1984_mask.npy,401677_2022_madal_gauss_512_1984_cam.npy,/home/tpipar/project/Lamapuit/output/cam_masks_gradcam_lineaware_smallsplit/401677_2022_madal_gauss_512_1984_mask.npy,/home/tpipar/project/Lamapuit/output/cam_masks_gradcam_lineaware_smallsplit/401677_2022_madal_gauss_512_1984_cam.npy
5,0.074057,0.331192,0.223607,401675_2022_madal:gauss:0:768,401675_2022_madal,401675,2022,/home/tpipar/project/Lamapuit/output/chm_dataset_harmonized_0p8m_raw_gauss/chm_gauss/401675_2022_madal_harmonized_dem_last_gauss_chm.tif,0,768,128,,0.108596,0.614663,0.821523,0.000000,0.108596,0.054298,0.024918,1.000,0.000,401675_2022_madal_gauss_0_768_mask.npy,401675_2022_madal_gauss_0_768_cam.npy,/home/tpipar/project/Lamapuit/output/cam_masks_gradcam_lineaware_smallsplit/401675_2022_madal_gauss_0_768_mask.npy,/home/tpipar/project/Lamapuit/output/cam_masks_gradcam_lineaware_smallsplit/401675_2022_madal_gauss_0_768_cam.npy
6,0.073709,0.353494,0.208514,401676_2022_madal:gauss:192:1984,401676_2022_madal,401676,2022,/home/tpipar/project/Lamapuit/output/chm_dataset_harmonized_0p8m_raw_gauss/chm_gauss/401676_2022_madal_harmonized_dem_last_gauss_chm.tif,192,1984,128,,0.132380,0.657489,0.819549,0.000000,0.132380,0.066190,0.024765,1.000,0.000,401676_2022_madal_gauss_192_1984_mask.npy,401676_2022_madal_gauss_192_1984_cam.npy,/home/tpipar/project/Lamapuit/output/cam_masks_gradcam_lineaware_smallsplit/401676_2022_madal_gauss_192_1984_mask.npy,/home/tpipar/project/Lamapuit/output/cam_masks_gradcam_lineaware_smallsplit/401676_2022_madal_gauss_192_1984_cam.npy
7,0.073294,0.327782,0.223607,401675_2022_madal:gauss:2304:1280,401675_2022_madal,401675,2022,/home/tpipar/project/Lamapuit/output/chm_dataset_harmonized_0p8m_raw_gauss/chm_gauss/401675_2022_madal_harmonized_dem_last_gauss_chm.tif,2304,1280,128,,0.117190,0.583134,0.822693,0.000000,0.117190,0.058595,0.025009,1.000,0.000,401675_2022_madal_gauss_2304_1280_mask.npy,401675_2022_madal_gauss_2304_1280_cam.npy,/home/tpipar/project/Lamapuit/output/cam_masks_gradcam_lineaware_smallsplit/401675_2022_madal_gauss_2304_1280_mask.npy,/home/tpipar/project/Lamapuit/output/cam_masks_gradcam_lineaware_smallsplit/401675_2022_madal_gauss_2304_1280_cam.npy
8,0.072757,0.348929,0.208514,401676_2022_madal:gauss:1664:1152,401676_2022_madal,401676,2022,/home/tpipar/project/Lamapuit/output/chm_dataset_harmonized_0p8m_raw_gauss/chm_gauss/401676_2022_madal_harmonized_dem_last_gauss_chm.tif,1664,1152,128,,0.135040,0.632021,0.822693,0.000000,0.135040,0.067520,0.025009,1.000,0.000,401676_2022_madal_gauss_1664_1152_mask.npy,401676_2022_madal_gauss_1664_1152_cam.npy,/home/tpipar/project/Lamapuit/output/cam_masks_gradcam_lineaware_smallsplit/401676_2022_madal_gauss_1664_1152_mask.npy,/home/tpipar/project/Lamapuit/output/cam_masks_gradcam_lineaware_smallsplit/401676_2022_madal_gauss_1664_1152_cam.npy
9,0.072608,0.340564,0.213201,401677_2022_madal:gauss:896:896,401677_2022_madal,401677,2022,/home/tpipar/project/Lamapuit/output/chm_dataset_harmonized_0p8m_raw_gauss/chm_gauss/401677_2022_madal_harmonized_dem_last_gauss_chm.tif,896,896,128,,0.118512,0.634334,0.818164,0.000000,0.118512,0.059256,0.024658,1.000,0.000,401677_2022_madal_gauss_896_896_mask.npy,401677_2022_madal_gauss_896_896_cam.npy,/home/tpipar/project/Lamapuit/output/cam_masks_gradcam_lineaware_smallsplit/401677_2022_madal_gauss_896_896_mask.npy,/home/tpipar/project/Lamapuit/output/cam_masks_gradcam_lineaware_smallsplit/401677_2022_madal_gauss_896_896_cam.npy
10,0.072548,0.347928,0.208514,401676_2022_madal:gauss:1792:832,401676_2022_madal,401676,2022,/home/tpipar/project/Lamapuit/output/chm_dataset_harmonized_0p8m_raw_gauss/chm_gauss/401676_2022_madal_harmonized_dem_last_gauss_chm.tif,1792,832,128,,0.136208,0.635102,0.806988,0.000000,0.136208,0.068104,0.023804,1.000,0.000,401676_2022_madal_gauss_1792_832_mask.npy,401676_2022_madal_gauss_1792_832_cam.npy,/home/tpipar/project/Lamapuit/output/cam_masks_gradcam_lineaware_smallsplit/401676_2022_madal_gauss_1792_832_mask.npy,/home/tpipar/project/Lamapuit/output/cam_masks_gradcam_lineaware_smallsplit/401676_2022_madal_gauss_1792_832_cam.npy
11,0.072522,0.340157,0.213201,401677_2022_madal:gauss:2432:1344,401677_2022_madal,401677,2022,/home/tpipar/project/Lamapuit/output/chm_dataset_harmonized_0p8m_raw_gauss/chm_gauss/401677_2022_madal_harmonized_dem_last_gauss_chm.tif,2432,1344,128,,0.118740,0.638598,0.807582,0.000000,0.118740,0.059370,0.023849,1.000,0.000,401677_2022_madal_gauss_2432_1344_mask.npy,401677_2022_madal_gauss_2432_1344_cam.npy,/home/tpipar/project/Lamapuit/output/cam_masks_gradcam_lineaware_smallsplit/401677_2022_madal_gauss_2432_1344_mask.npy,/home/tpipar/project/Lamapuit/output/cam_masks_gradcam_lineaware_smallsplit/401677_2022_madal_gauss_2432_1344_cam.npy
12,0.072428,0.323908,0.223607,401675_2022_madal:gauss:2304:1024,401675_2022_madal,401675,2022,/home/tpipar/project/Lamapuit/output/chm_dataset_harmonized_0p8m_raw_gauss/chm_gauss/401675_2022_madal_harmonized_dem_last_gauss_chm.tif,2304,1024,128,,0.115162,0.576070,0.815397,0.000000,0.115162,0.057581,0.024445,1.000,0.000,401675_2022_madal_gauss_2304_1024_mask.npy,401675_2022_madal_gauss_2304_1024_cam.npy,/home/tpipar/project/Lamapuit/output/cam_masks_gradcam_lineaware_smallsplit/401675_2022_madal_gauss_2304_1024_mask.npy,/home/tpipar/project/Lamapuit/output/cam_masks_gradcam_lineaware_smallsplit/401675_2022_madal_gauss_2304_1024_cam.npy
13,0.072355,0.339373,0.213201,401677_2022_madal:gauss:0:832,401677_2022_madal,401677,2022,/home/tpipar/project/Lamapuit/output/chm_dataset_harmonized_0p8m_raw_gauss/chm_gauss/401677_2022_madal_harmonized_dem_last_gauss_chm.tif,0,832,128,,0.107848,0.675549,0.777082,0.000000,0.107848,0.053924,0.021591,1.000,0.000,401677_2022_madal_gauss_0_832_mask.npy,401677_2022_madal_gauss_0_832_cam.npy,/home/tpipar/project/Lamapuit/output/cam_masks_gradcam_lineaware_smallsplit/401677_2022_madal_gauss_0_832_mask.npy,/home/tpipar/project/Lamapuit/output/cam_masks_gradcam_lineaware_smallsplit/401677_2022_madal_gauss_0_832_cam.npy
14,0.071892,0.321509,0.223607,401675_2022_madal:gauss:512:1280,401675_2022_madal,401675,2022,/home/tpipar/project/Lamapuit/output/chm_dataset_harmonized_0p8m_raw_gauss/chm_gauss/401675_2022_madal_harmonized_dem_last_gauss_chm.tif,512,1280,128,,0.107814,0.581890,0.814197,0.000000,0.107814,0.053907,0.024353,1.000,0.000,401675_2022_madal_gauss_512_1280_mask.npy,401675_2022_madal_gauss_512_1280_cam.npy,/home/tpipar/project/Lamapuit/output/cam_masks_gradcam_lineaware_smallsplit/401675_2022_madal_gauss_512_1280_mask.npy,/home/tpipar/project/Lamapuit/output/cam_masks_gradcam_lineaware_smallsplit/401675_2022_madal_gauss_512_1280_cam.npy
15,0.071207,0.318448,0.223607,401675_2022_madal:gauss:2816:1024,401675_2022_madal,401675,2022,/home/tpipar/project/Lamapuit/output/chm_dataset_harmonized_0p8m_raw_gauss/chm_gauss/401675_2022_madal_harmonized_dem_last_gauss_chm.tif,2816,1024,128,,0.108400,0.568113,0.814797,0.000000,0.108400,0.054200,0.024399,1.000,0.000,401675_2022_madal_gauss_2816_1024_mask.npy,401675_2022_madal_gauss_2816_1024_cam.npy,/home/tpipar/project/Lamapuit/output/cam_masks_gradcam_lineaware_smallsplit/401675_2022_madal_gauss_2816_1024_mask.npy,/home/tpipar/project/Lamapuit/output/cam_masks_gradcam_lineaware_smallsplit/401675_2022_madal_gauss_2816_1024_cam.npy
16,0.070772,0.339410,0.208514,401676_2022_madal:gauss:1408:2176,401676_2022_madal,401676,2022,/home/tpipar/project/Lamapuit/output/chm_dataset_harmonized_0p8m_raw_gauss/chm_gauss/401676_2022_madal_harmonized_dem_last_gauss_chm.tif,1408,2176,128,,0.130102,0.603819,0.822693,0.000000,0.130102,0.065051,0.025009,1.000,0.000,401676_2022_madal_gauss_1408_2176_mask.npy,401676_2022_madal_gauss_1408_2176_cam.npy,/home/tpipar/project/Lamapuit/output/cam_masks_gradcam_lineaware_smallsplit/401676_2022_madal_gauss_1408_2176_mask.npy,/home/tpipar/project/Lamapuit/output/cam_masks_gradcam_lineaware_smallsplit/401676_2022_madal_gauss_1408_2176_cam.npy
17,0.070276,0.337031,0.208514,401676_2022_madal:gauss:1536:1792,401676_2022_madal,401676,2022,/home/tpipar/project/Lamapuit/output/chm_dataset_harmonized_0p8m_raw_gauss/chm_gauss/401676_2022_madal_harmonized_dem_last_gauss_chm.tif,1536,1792,128,,0.123330,0.607848,0.822693,0.000000,0.123330,0.061665,0.025009,1.000,0.000,401676_2022_madal_gauss_1536_1792_mask.npy,401676_2022_madal_gauss_1536_1792_cam.npy,/home/tpipar/project/Lamapuit/output/cam_masks_gradcam_lineaware_smallsplit/401676_2022_madal_gauss_1536_1792_mask.npy,/home/tpipar/project/Lamapuit/output/cam_masks_gradcam_lineaware_smallsplit/401676_2022_madal_gauss_1536_1792_cam.npy
18,0.070165,0.329101,0.213201,401677_2022_madal:gauss:2176:448,401677_2022_madal,401677,2022,/home/tpipar/project/Lamapuit/output/chm_dataset_harmonized_0p8m_raw_gauss/chm_gauss/401677_2022_madal_harmonized_dem_last_gauss_chm.tif,2176,448,128,,0.105864,0.646573,0.763504,0.000000,0.105864,0.052932,0.020615,2.000,0.000,401677_2022_madal_gauss_2176_448_mask.npy,401677_2022_madal_gauss_2176_448_cam.npy,/home/tpipar/project/Lamapuit/output/cam_masks_gradcam_lineaware_smallsplit/401677_2022_madal_gauss_2176_448_mask.npy,/home/tpipar/project/Lamapuit/output/cam_masks_gradcam_lineaware_smallsplit/401677_2022_madal_gauss_2176_448_cam.npy
19,0.069383,0.332749,0.208514,401676_2022_madal:gauss:448:192,401676_2022_madal,401676,2022,/home/tpipar/project/Lamapuit/output/chm_dataset_harmonized_0p8m_raw_gauss/chm_gauss/401676_2022_madal_harmonized_dem_last_gauss_chm.tif,448,192,128,,0.105150,0.642360,0.797227,0.000000,0.105150,0.052575,0.023071,1.000,0.000,401676_2022_madal_gauss_448_192_mask.npy,401676_2022_madal_gauss_448_192_cam.npy,/home/tpipar/project/Lamapuit/output/cam_masks_gradcam_lineaware_smallsplit/401676_2022_madal_gauss_448_192_mask.npy,/home/tpipar/project/Lamapuit/output/cam_masks_gradcam_lineaware_smallsplit/401676_2022_madal_gauss_448_192_cam.npy
20,0.069277,0.324938,0.213201,401677_2022_madal:gauss:1152:448,401677_2022_madal,401677,2022,/home/tpipar/project/Lamapuit/output/chm_dataset_harmonized_0p8m_raw_gauss/chm_gauss/401677_2022_madal_harmonized_dem_last_gauss_chm.tif,1152,448,128,,0.104724,0.606840,0.805771,0.000000,0.104724,0.052362,0.023712,1.000,0.000,401677_2022_madal_gauss_1152_448_mask.npy,401677_2022_madal_gauss_1152_448_cam.npy,/home/tpipar/project/Lamapuit/output/cam_masks_gradcam_lineaware_smallsplit/401677_2022_madal_gauss_1152_448_mask.npy,/home/tpipar/project/Lamapuit/output/cam_masks_gradcam_lineaware_smallsplit/401677_2022_madal_gauss_1152_448_cam.npy
21,0.069266,0.309769,0.223607,401675_2022_madal:gauss:2048:2048,401675_2022_madal,401675,2022,/home/tpipar/project/Lamapuit/output/chm_dataset_harmonized_0p8m_raw_gauss/chm_gauss/401675_2022_madal_harmonized_dem_last_gauss_chm.tif,2048,2048,128,,0.096992,0.574690,0.784005,0.000000,0.096992,0.048496,0.022095,3.000,0.000,401675_2022_madal_gauss_2048_2048_mask.npy,401675_2022_madal_gauss_2048_2048_cam.npy,/home/tpipar/project/Lamapuit/output/cam_masks_gradcam_lineaware_smallsplit/401675_2022_madal_gauss_2048_2048_mask.npy,/home/tpipar/project/Lamapuit/output/cam_masks_gradcam_lineaware_smallsplit/401675_2022_madal_gauss_2048_2048_cam.npy
22,0.068259,0.327358,0.208514,401676_2022_madal:gauss:1472:1600,401676_2022_madal,401676,2022,/home/tpipar/project/Lamapuit/output/chm_dataset_harmonized_0p8m_raw_gauss/chm_gauss/401676_2022_madal_harmonized_dem_last_gauss_chm.tif,1472,1600,128,,0.117402,0.581011,0.822693,0.000000,0.117402,0.058701,0.025009,1.000,0.000,401676_2022_madal_gauss_1472_1600_mask.npy,401676_2022_madal_gauss_1472_1600_cam.npy,/home/tpipar/project/Lamapuit/output/cam_masks_gradcam_lineaware_smallsplit/401676_2022_madal_gauss_1472_1600_mask.npy,/home/tpipar/project/Lamapuit/output/cam_masks_gradcam_lineaware_smallsplit/401676_2022_madal_gauss_1472_1600_cam.npy
23,0.068002,0.326126,0.208514,401676_2022_madal:gauss:2688:448,401676_2022_madal,401676,2022,/home/tpipar/project/Lamapuit/output/chm_dataset_harmonized_0p8m_raw_gauss/chm_gauss/401676_2022_madal_harmonized_dem_last_gauss_chm.tif,2688,448,128,,0.117802,0.575284,0.822693,0.000000,0.117802,0.058901,0.025009,1.000,0.000,401676_2022_madal_gauss_2688_448_mask.npy,401676_2022_madal_gauss_2688_448_cam.npy,/home/tpipar/project/Lamapuit/output/cam_masks_gradcam_lineaware_smallsplit/401676_2022_madal_gauss_2688_448_mask.npy,/home/tpipar/project/Lamapuit/output/cam_masks_gradcam_lineaware_smallsplit/401676_2022_madal_gauss_2688_448_cam.npy
24,0.067353,0.336766,0.200000,401678_2022_madal:gauss:2816:3072,401678_2022_madal,401678,2022,/home/tpipar/project/Lamapuit/output/chm_dataset_harmonized_0p8m_raw_gauss/chm_gauss/401678_2022_madal_harmonized_dem_last_gauss_chm.tif,2816,3072,128,,0.121846,0.609987,0.822308,0.000000,0.121846,0.060923,0.024979,1.000,0.000,401678_2022_madal_gauss_2816_3072_mask.npy,401678_2022_madal_gauss_2816_3072_cam.npy,/home/tpipar/project/Lamapuit/output/cam_masks_gradcam_lineaware_smallsplit/401678_2022_madal_gauss_2816_3072_mask.npy,/home/tpipar/project/Lamapuit/output/cam_masks_gradcam_lineaware_smallsplit/401678_2022_madal_gauss_2816_3072_cam.npy
25,0.067328,0.315795,0.213201,401677_2022_madal:gauss:2432:1664,401677_2022_madal,401677,2022,/home/tpipar/project/Lamapuit/output/chm_dataset_harmonized_0p8m_raw_gauss/chm_gauss/401677_2022_madal_harmonized_dem_last_gauss_chm.tif,2432,1664,128,,0.101610,0.571918,0.813401,0.000000,0.101610,0.050805,0.024292,1.000,0.000,401677_2022_madal_gauss_2432_1664_mask.npy,401677_2022_madal_gauss_2432_1664_cam.npy,/home/tpipar/project/Lamapuit/output/cam_masks_gradcam_lineaware_smallsplit/401677_2022_madal_gauss_2432_1664_mask.npy,/home/tpipar/project/Lamapuit/output/cam_masks_gradcam_lineaware_smallsplit/401677_2022_madal_gauss_2432_1664_cam.npy
26,0.067282,0.315582,0.213201,401677_2022_madal:gauss:2304:1280,401677_2022_madal,401677,2022,/home/tpipar/project/Lamapuit/output/chm_dataset_harmonized_0p8m_raw_gauss/chm_gauss/401677_2022_madal_harmonized_dem_last_gauss_chm.tif,2304,1280,128,,0.099216,0.602849,0.768412,0.000000,0.099216,0.049608,0.020966,1.000,0.000,401677_2022_madal_gauss_2304_1280_mask.npy,401677_2022_madal_gauss_2304_1280_cam.npy,/home/tpipar/project/Lamapuit/output/cam_masks_gradcam_lineaware_smallsplit/401677_2022_madal_gauss_2304_1280_mask.npy,/home/tpipar/project/Lamapuit/output/cam_masks_gradcam_lineaware_smallsplit/401677_2022_madal_gauss_2304_1280_cam.npy
27,0.067215,0.336073,0.200000,401678_2022_madal:gauss:2304:3840,401678_2022_madal,401678,2022,/home/tpipar/project/Lamapuit/output/chm_dataset_harmonized_0p8m_raw_gauss/chm_gauss/401678_2022_madal_harmonized_dem_last_gauss_chm.tif,2304,3840,128,,0.119988,0.610818,0.822500,0.000000,0.119988,0.059994,0.024994,1.000,0.000,401678_2022_madal_gauss_2304_3840_mask.npy,401678_2022_madal_gauss_2304_3840_cam.npy,/home/tpipar/project/Lamapuit/output/cam_masks_gradcam_lineaware_smallsplit/401678_2022_madal_gauss_2304_3840_mask.npy,/home/tpipar/project/Lamapuit/output/cam_masks_gradcam_lineaware_smallsplit/401678_2022_madal_gauss_2304_3840_cam.npy
28,0.066145,0.295810,0.223607,401675_2022_madal:raw:2560:1536,401675_2022_madal,401675,2022,/home/tpipar/project/Lamapuit/output/chm_dataset_harmonized_0p8m_raw_gauss/chm_raw/401675_2022_madal_harmonized_dem_last_raw_chm.tif,2560,1536,128,,0.054580,0.507714,0.610610,0.500000,0.054580,0.027290,0.010269,0.000,0.000,401675_2022_madal_raw_2560_1536_mask.npy,401675_2022_madal_raw_2560_1536_cam.npy,/home/tpipar/project/Lamapuit/output/cam_masks_gradcam_lineaware_smallsplit/401675_2022_madal_raw_2560_1536_mask.npy,/home/tpipar/project/Lamapuit/output/cam_masks_gradcam_lineaware_smallsplit/401675_2022_madal_raw_2560_1536_cam.npy
29,0.065599,0.307684,0.213201,401677_2022_madal:gauss:1472:576,401677_2022_madal,401677,2022,/home/tpipar/project/Lamapuit/output/chm_dataset_harmonized_0p8m_raw_gauss/chm_gauss/401677_2022_madal_harmonized_dem_last_gauss_chm.tif,1472,576,128,,0.092028,0.581693,0.774982,0.000000,0.092028,0.046014,0.021439,2.000,0.000,401677_2022_madal_gauss_1472_576_mask.npy,401677_2022_madal_gauss_1472_576_cam.npy,/home/tpipar/project/Lamapuit/output/cam_masks_gradcam_lineaware_smallsplit/401677_2022_madal_gauss_1472_576_mask.npy,/home/tpipar/project/Lamapuit/output/cam_masks_gradcam_lineaware_smallsplit/401677_2022_madal_gauss_1472_576_cam.npy
30,0.065397,0.326984,0.200000,401678_2022_madal:gauss:2560:3584,401678_2022_madal,401678,2022,/home/tpipar/project/Lamapuit/output/chm_dataset_harmonized_0p8m_raw_gauss/chm_gauss/401678_2022_madal_harmonized_dem_last_gauss_chm.tif,2560,3584,128,,0.111162,0.606907,0.797844,0.000000,0.111162,0.055581,0.023117,1.000,0.000,401678_2022_madal_gauss_2560_3584_mask.npy,401678_2022_madal_gauss_2560_3584_cam.npy,/home/tpipar/project/Lamapuit/output/cam_masks_gradcam_lineaware_smallsplit/401678_2022_madal_gauss_2560_3584_mask.npy,/home/tpipar/project/Lamapuit/output/cam_masks_gradcam_lineaware_smallsplit/401678_2022_madal_gauss_2560_3584_cam.npy
31,0.065216,0.326079,0.200000,401678_2022_madal:gauss:0:4096,401678_2022_madal,401678,2022,/home/tpipar/project/Lamapuit/output/chm_dataset_harmonized_0p8m_raw_gauss/chm_gauss/401678_2022_madal_harmonized_dem_last_gauss_chm.tif,0,4096,128,,0.125112,0.573669,0.800706,0.000000,0.125112,0.062556,0.023331,4.000,0.000,401678_2022_madal_gauss_0_4096_mask.npy,401678_2022_madal_gauss_0_4096_cam.npy,/home/tpipar/project/Lamapuit/output/cam_masks_gradcam_lineaware_smallsplit/401678_2022_madal_gauss_0_4096_mask.npy,/home/tpipar/project/Lamapuit/output/cam_masks_gradcam_lineaware_smallsplit/401678_2022_madal_gauss_0_4096_cam.npy
32,0.065039,0.325196,0.200000,401678_2022_madal:gauss:512:4096,401678_2022_madal,401678,2022,/home/tpipar/project/Lamapuit/output/chm_dataset_harmonized_0p8m_raw_gauss/chm_gauss/401678_2022_madal_harmonized_dem_last_gauss_chm.tif,512,4096,128,,0.107264,0.593700,0.820930,0.000000,0.107264,0.053632,0.024872,1.000,0.000,401678_2022_madal_gauss_512_4096_mask.npy,401678_2022_madal_gauss_512_4096_cam.npy,/home/tpipar/project/Lamapuit/output/cam_masks_gradcam_lineaware_smallsplit/401678_2022_madal_gauss_512_4096_mask.npy,/home/tpipar/project/Lamapuit/output/cam_masks_gradcam_lineaware_smallsplit/401678_2022_madal_gauss_512_4096_cam.npy
33,0.064587,0.288843,0.223607,401675_2022_madal:gauss:256:256,401675_2022_madal,401675,2022,/home/tpipar/project/Lamapuit/output/chm_dataset_harmonized_0p8m_raw_gauss/chm_gauss/401675_2022_madal_harmonized_dem_last_gauss_chm.tif,256,256,128,,0.093668,0.524236,0.739668,0.000000,0.093668,0.046834,0.018936,2.000,0.000,401675_2022_madal_gauss_256_256_mask.npy,401675_2022_madal_gauss_256_256_cam.npy,/home/tpipar/project/Lamapuit/output/cam_masks_gradcam_lineaware_smallsplit/401675_2022_madal_gauss_256_256_mask.npy,/home/tpipar/project/Lamapuit/output/cam_masks_gradcam_lineaware_smallsplit/401675_2022_madal_gauss_256_256_cam.npy
34,0.064547,0.288662,0.223607,401675_2022_madal:raw:1280:1536,401675_2022_madal,401675,2022,/home/tpipar/project/Lamapuit/output/chm_dataset_harmonized_0p8m_raw_gauss/chm_raw/401675_2022_madal_harmonized_dem_last_raw_chm.tif,1280,1536,128,,0.065940,0.427469,0.658832,0.500000,0.065940,0.032970,0.013458,0.000,0.000,401675_2022_madal_raw_1280_1536_mask.npy,401675_2022_madal_raw_1280_1536_cam.npy,/home/tpipar/project/Lamapuit/output/cam_masks_gradcam_lineaware_smallsplit/401675_2022_madal_raw_1280_1536_mask.npy,/home/tpipar/project/Lamapuit/output/cam_masks_gradcam_lineaware_smallsplit/401675_2022_madal_raw_1280_1536_cam.npy
35,0.064490,0.302487,0.213201,401677_2022_madal:gauss:896:0,401677_2022_madal,401677,2022,/home/tpipar/project/Lamapuit/output/chm_dataset_harmonized_0p8m_raw_gauss/chm_gauss/401677_2022_madal_harmonized_dem_last_gauss_chm.tif,896,0,128,,0.099994,0.516458,0.822500,0.000000,0.099994,0.049997,0.024994,1.000,0.000,401677_2022_madal_gauss_896_0_mask.npy,401677_2022_madal_gauss_896_0_cam.npy,/home/tpipar/project/Lamapuit/output/cam_masks_gradcam_lineaware_smallsplit/401677_2022_madal_gauss_896_0_mask.npy,/home/tpipar/project/Lamapuit/output/cam_masks_gradcam_lineaware_smallsplit/401677_2022_madal_gauss_896_0_cam.npy
36,0.063762,0.305793,0.208514,401676_2022_madal:gauss:960:960,401676_2022_madal,401676,2022,/home/tpipar/project/Lamapuit/output/chm_dataset_harmonized_0p8m_raw_gauss/chm_gauss/401676_2022_madal_harmonized_dem_last_gauss_chm.tif,960,960,128,,0.093540,0.564191,0.786503,0.000000,0.093540,0.046770,0.022278,2.000,0.000,401676_2022_madal_gauss_960_960_mask.npy,401676_2022_madal_gauss_960_960_cam.npy,/home/tpipar/project/Lamapuit/output/cam_masks_gradcam_lineaware_smallsplit/401676_2022_madal_gauss_960_960_mask.npy,/home/tpipar/project/Lamapuit/output/cam_masks_gradcam_lineaware_smallsplit/401676_2022_madal_gauss_960_960_cam.npy
37,0.063699,0.284869,0.223607,401675_2022_madal:raw:1280:1792,401675_2022_madal,401675,2022,/home/tpipar/project/Lamapuit/output/chm_dataset_harmonized_0p8m_raw_gauss/chm_raw/401675_2022_madal_harmonized_dem_last_raw_chm.tif,1280,1792,128,,0.069638,0.380431,0.699616,0.500000,0.069638,0.034819,0.016190,0.000,0.000,401675_2022_madal_raw_1280_1792_mask.npy,401675_2022_madal_raw_1280_1792_cam.npy,/home/tpipar/project/Lamapuit/output/cam_masks_gradcam_lineaware_smallsplit/401675_2022_madal_raw_1280_1792_mask.npy,/home/tpipar/project/Lamapuit/output/cam_masks_gradcam_lineaware_smallsplit/401675_2022_madal_raw_1280_1792_cam.npy
38,0.063019,0.295585,0.213201,401677_2022_madal:raw:2112:1856,401677_2022_madal,401677,2022,/home/tpipar/project/Lamapuit/output/chm_dataset_harmonized_0p8m_raw_gauss/chm_raw/401677_2022_madal_harmonized_dem_last_raw_chm.tif,2112,1856,128,,0.062260,0.460590,0.662050,0.500000,0.062260,0.031130,0.013672,0.000,0.000,401677_2022_madal_raw_2112_1856_mask.npy,401677_2022_madal_raw_2112_1856_cam.npy,/home/tpipar/project/Lamapuit/output/cam_masks_gradcam_lineaware_smallsplit/401677_2022_madal_raw_2112_1856_mask.npy,/home/tpipar/project/Lamapuit/output/cam_masks_gradcam_lineaware_smallsplit/401677_2022_madal_raw_2112_1856_cam.npy
39,0.062496,0.312482,0.200000,401678_2022_madal:raw:512:3072,401678_2022_madal,401678,2022,/home/tpipar/project/Lamapuit/output/chm_dataset_harmonized_0p8m_raw_gauss/chm_raw/401678_2022_madal_harmonized_dem_last_raw_chm.tif,512,3072,128,,0.080296,0.486614,0.671206,0.500000,0.080296,0.040148,0.014282,0.000,0.000,401678_2022_madal_raw_512_3072_mask.npy,401678_2022_madal_raw_512_3072_cam.npy,/home/tpipar/project/Lamapuit/output/cam_masks_gradcam_lineaware_smallsplit/401678_2022_madal_raw_512_3072_mask.npy,/home/tpipar/project/Lamapuit/output/cam_masks_gradcam_lineaware_smallsplit/401678_2022_madal_raw_512_3072_cam.npy
40,0.060717,0.284789,0.213201,401677_2022_madal:raw:1664:1216,401677_2022_madal,401677,2022,/home/tpipar/project/Lamapuit/output/chm_dataset_harmonized_0p8m_raw_gauss/chm_raw/401677_2022_madal_harmonized_dem_last_raw_chm.tif,1664,1216,128,,0.058482,0.434347,0.646412,0.500000,0.058482,0.029241,0.012634,0.000,0.000,401677_2022_madal_raw_1664_1216_mask.npy,401677_2022_madal_raw_1664_1216_cam.npy,/home/tpipar/project/Lamapuit/output/cam_masks_gradcam_lineaware_smallsplit/401677_2022_madal_raw_1664_1216_mask.npy,/home/tpipar/project/Lamapuit/output/cam_masks_gradcam_lineaware_smallsplit/401677_2022_madal_raw_1664_1216_cam.npy
41,0.060652,0.284483,0.213201,401677_2022_madal:gauss:2432:1984,401677_2022_madal,401677,2022,/home/tpipar/project/Lamapuit/output/chm_dataset_harmonized_0p8m_raw_gauss/chm_gauss/401677_2022_madal_harmonized_dem_last_gauss_chm.tif,2432,1984,128,,0.087498,0.493790,0.781910,0.000000,0.087498,0.043749,0.021942,2.000,0.000,401677_2022_madal_gauss_2432_1984_mask.npy,401677_2022_madal_gauss_2432_1984_cam.npy,/home/tpipar/project/Lamapuit/output/cam_masks_gradcam_lineaware_smallsplit/401677_2022_madal_gauss_2432_1984_mask.npy,/home/tpipar/project/Lamapuit/output/cam_masks_gradcam_lineaware_smallsplit/401677_2022_madal_gauss_2432_1984_cam.npy
42,0.060305,0.269691,0.223607,401675_2022_madal:raw:512:1280,401675_2022_madal,401675,2022,/home/tpipar/project/Lamapuit/output/chm_dataset_harmonized_0p8m_raw_gauss/chm_raw/401675_2022_madal_harmonized_dem_last_raw_chm.tif,512,1280,128,,0.057014,0.368336,0.660667,0.500000,0.057014,0.028507,0.013580,0.000,0.000,401675_2022_madal_raw_512_1280_mask.npy,401675_2022_madal_raw_512_1280_cam.npy,/home/tpipar/project/Lamapuit/output/cam_masks_gradcam_lineaware_smallsplit/401675_2022_madal_raw_512_1280_mask.npy,/home/tpipar/project/Lamapuit/output/cam_masks_gradcam_lineaware_smallsplit/401675_2022_madal_raw_512_1280_cam.npy
43,0.059975,0.299873,0.200000,401678_2022_madal:gauss:512:4864,401678_2022_madal,401678,2022,/home/tpipar/project/Lamapuit/output/chm_dataset_harmonized_0p8m_raw_gauss/chm_gauss/401678_2022_madal_harmonized_dem_last_gauss_chm.tif,512,4864,128,,0.094278,0.540409,0.784210,0.000000,0.094278,0.047139,0.022110,2.000,0.000,401678_2022_madal_gauss_512_4864_mask.npy,401678_2022_madal_gauss_512_4864_cam.npy,/home/tpipar/project/Lamapuit/output/cam_masks_gradcam_lineaware_smallsplit/401678_2022_madal_gauss_512_4864_mask.npy,/home/tpipar/project/Lamapuit/output/cam_masks_gradcam_lineaware_smallsplit/401678_2022_madal_gauss_512_4864_cam.npy
44,0.059942,0.299711,0.200000,401678_2022_madal:gauss:1024:4608,401678_2022_madal,401678,2022,/home/tpipar/project/Lamapuit/output/chm_dataset_harmonized_0p8m_raw_gauss/chm_gauss/401678_2022_madal_harmonized_dem_last_gauss_chm.tif,1024,4608,128,,0.082266,0.576085,0.763714,0.000000,0.082266,0.041133,0.020630,1.000,0.000,401678_2022_madal_gauss_1024_4608_mask.npy,401678_2022_madal_gauss_1024_4608_cam.npy,/home/tpipar/project/Lamapuit/output/cam_masks_gradcam_lineaware_smallsplit/401678_2022_madal_gauss_1024_4608_mask.npy,/home/tpipar/project/Lamapuit/output/cam_masks_gradcam_lineaware_smallsplit/401678_2022_madal_gauss_1024_4608_cam.npy
45,0.059811,0.280537,0.213201,401677_2022_madal:gauss:1536:640,401677_2022_madal,401677,2022,/home/tpipar/project/Lamapuit/output/chm_dataset_harmonized_0p8m_raw_gauss/chm_gauss/401677_2022_madal_harmonized_dem_last_gauss_chm.tif,1536,640,128,,0.087840,0.530500,0.693277,0.000000,0.087840,0.043920,0.015762,4.000,0.000,401677_2022_madal_gauss_1536_640_mask.npy,401677_2022_madal_gauss_1536_640_cam.npy,/home/tpipar/project/Lamapuit/output/cam_masks_gradcam_lineaware_smallsplit/401677_2022_madal_gauss_1536_640_mask.npy,/home/tpipar/project/Lamapuit/output/cam_masks_gradcam_lineaware_smallsplit/401677_2022_madal_gauss_1536_640_cam.npy
46,0.059606,0.285862,0.208514,401676_2022_madal:raw:448:1920,401676_2022_madal,401676,2022,/home/tpipar/project/Lamapuit/output/chm_dataset_harmonized_0p8m_raw_gauss/chm_raw/401676_2022_madal_harmonized_dem_last_raw_chm.tif,448,1920,128,,0.062644,0.430313,0.646412,0.500000,0.062644,0.031322,0.012634,0.000,0.000,401676_2022_madal_raw_448_1920_mask.npy,401676_2022_madal_raw_448_1920_cam.npy,/home/tpipar/project/Lamapuit/output/cam_masks_gradcam_lineaware_smallsplit/401676_2022_madal_raw_448_1920_mask.npy,/home/tpipar/project/Lamapuit/output/cam_masks_gradcam_lineaware_smallsplit/401676_2022_madal_raw_448_1920_cam.npy
47,0.059586,0.266478,0.223607,401675_2022_madal:raw:512:512,401675_2022_madal,401675,2022,/home/tpipar/project/Lamapuit/output/chm_dataset_harmonized_0p8m_raw_gauss/chm_raw/401675_2022_madal_harmonized_dem_last_raw_chm.tif,512,512,128,,0.065350,0.363014,0.620327,0.500000,0.065350,0.032675,0.010910,0.000,0.000,401675_2022_madal_raw_512_512_mask.npy,401675_2022_madal_raw_512_512_cam.npy,/home/tpipar/project/Lamapuit/output/cam_masks_gradcam_lineaware_smallsplit/401675_2022_madal_raw_512_512_mask.npy,/home/tpipar/project/Lamapuit/output/cam_masks_gradcam_lineaware_smallsplit/401675_2022_madal_raw_512_512_cam.npy
48,0.059414,0.297072,0.200000,401678_2022_madal:gauss:1536:3840,401678_2022_madal,401678,2022,/home/tpipar/project/Lamapuit/output/chm_dataset_harmonized_0p8m_raw_gauss/chm_gauss/401678_2022_madal_harmonized_dem_last_gauss_chm.tif,1536,3840,128,,0.088470,0.531660,0.799477,0.000000,0.088470,0.044235,0.023239,1.000,0.000,401678_2022_madal_gauss_1536_3840_mask.npy,401678_2022_madal_gauss_1536_3840_cam.npy,/home/tpipar/project/Lamapuit/output/cam_masks_gradcam_lineaware_smallsplit/401678_2022_madal_gauss_1536_3840_mask.npy,/home/tpipar/project/Lamapuit/output/cam_masks_gradcam_lineaware_smallsplit/401678_2022_madal_gauss_1536_3840_cam.npy
49,0.058907,0.263439,0.223607,401675_2022_madal:raw:2560:1024,401675_2022_madal,401675,2022,/home/tpipar/project/Lamapuit/output/chm_dataset_harmonized_0p8m_raw_gauss/chm_raw/401675_2022_madal_harmonized_dem_last_raw_chm.tif,2560,1024,128,,0.053924,0.382181,0.606212,0.500000,0.053924,0.026962,0.009979,0.000,0.000,401675_2022_madal_raw_2560_1024_mask.npy,401675_2022_madal_raw_2560_1024_cam.npy,/home/tpipar/project/Lamapuit/output/cam_masks_gradcam_lineaware_smallsplit/401675_2022_madal_raw_2560_1024_mask.npy,/home/tpipar/project/Lamapuit/output/cam_masks_gradcam_lineaware_smallsplit/401675_2022_madal_raw_2560_1024_cam.npy
50,0.058478,0.360485,0.162221,436646_2018_madal:gauss:2304:448,436646_2018_madal,436646,2018,/home/tpipar/project/Lamapuit/output/chm_dataset_harmonized_0p8m_raw_gauss/chm_gauss/436646_2018_madal_harmonized_dem_last_gauss_chm.tif,2304,448,128,,0.132262,0.684271,0.821909,0.000000,0.132262,0.066131,0.024948,1.000,0.000,436646_2018_madal_gauss_2304_448_mask.npy,436646_2018_madal_gauss_2304_448_cam.npy,/home/tpipar/project/Lamapuit/output/cam_masks_gradcam_lineaware_smallsplit/436646_2018_madal_gauss_2304_448_mask.npy,/home/tpipar/project/Lamapuit/output/cam_masks_gradcam_lineaware_smallsplit/436646_2018_madal_gauss_2304_448_cam.npy
51,0.058419,0.261260,0.223607,401675_2022_madal:raw:768:2048,401675_2022_madal,401675,2022,/home/tpipar/project/Lamapuit/output/chm_dataset_harmonized_0p8m_raw_gauss/chm_raw/401675_2022_madal_harmonized_dem_last_raw_chm.tif,768,2048,128,,0.052472,0.379415,0.601133,0.500000,0.052472,0.026236,0.009644,0.000,0.000,401675_2022_madal_raw_768_2048_mask.npy,401675_2022_madal_raw_768_2048_cam.npy,/home/tpipar/project/Lamapuit/output/cam_masks_gradcam_lineaware_smallsplit/401675_2022_madal_raw_768_2048_mask.npy,/home/tpipar/project/Lamapuit/output/cam_masks_gradcam_lineaware_smallsplit/401675_2022_madal_raw_768_2048_cam.npy
52,0.058277,0.279485,0.208514,401676_2022_madal:raw:1536:1152,401676_2022_madal,401676,2022,/home/tpipar/project/Lamapuit/output/chm_dataset_harmonized_0p8m_raw_gauss/chm_raw/401676_2022_madal_harmonized_dem_last_raw_chm.tif,1536,1152,128,,0.061218,0.412364,0.638571,0.500000,0.061218,0.030609,0.012115,0.000,0.000,401676_2022_madal_raw_1536_1152_mask.npy,401676_2022_madal_raw_1536_1152_cam.npy,/home/tpipar/project/Lamapuit/output/cam_masks_gradcam_lineaware_smallsplit/401676_2022_madal_raw_1536_1152_mask.npy,/home/tpipar/project/Lamapuit/output/cam_masks_gradcam_lineaware_smallsplit/401676_2022_madal_raw_1536_1152_cam.npy
53,0.058128,0.278771,0.208514,401676_2022_madal:raw:1088:1856,401676_2022_madal,401676,2022,/home/tpipar/project/Lamapuit/output/chm_dataset_harmonized_0p8m_raw_gauss/chm_raw/401676_2022_madal_harmonized_dem_last_raw_chm.tif,1088,1856,128,,0.056490,0.418126,0.639962,0.500000,0.056490,0.028245,0.012207,0.000,0.000,401676_2022_madal_raw_1088_1856_mask.npy,401676_2022_madal_raw_1088_1856_cam.npy,/home/tpipar/project/Lamapuit/output/cam_masks_gradcam_lineaware_smallsplit/401676_2022_madal_raw_1088_1856_mask.npy,/home/tpipar/project/Lamapuit/output/cam_masks_gradcam_lineaware_smallsplit/401676_2022_madal_raw_1088_1856_cam.npy
54,0.057359,0.286796,0.200000,401678_2022_madal:raw:768:4864,401678_2022_madal,401678,2022,/home/tpipar/project/Lamapuit/output/chm_dataset_harmonized_0p8m_raw_gauss/chm_raw/401678_2022_madal_harmonized_dem_last_raw_chm.tif,768,4864,128,,0.055258,0.455322,0.635576,0.500000,0.055258,0.027629,0.011917,0.000,0.000,401678_2022_madal_raw_768_4864_mask.npy,401678_2022_madal_raw_768_4864_cam.npy,/home/tpipar/project/Lamapuit/output/cam_masks_gradcam_lineaware_smallsplit/401678_2022_madal_raw_768_4864_mask.npy,/home/tpipar/project/Lamapuit/output/cam_masks_gradcam_lineaware_smallsplit/401678_2022_madal_raw_768_4864_cam.npy
55,0.057164,0.285822,0.200000,401678_2022_madal:gauss:1792:3072,401678_2022_madal,401678,2022,/home/tpipar/project/Lamapuit/output/chm_dataset_harmonized_0p8m_raw_gauss/chm_gauss/401678_2022_madal_harmonized_dem_last_gauss_chm.tif,1792,3072,128,,0.107452,0.504879,0.483616,0.333333,0.107452,0.053726,0.001785,3.000,1.000,401678_2022_madal_gauss_1792_3072_mask.npy,401678_2022_madal_gauss_1792_3072_cam.npy,/home/tpipar/project/Lamapuit/output/cam_masks_gradcam_lineaware_smallsplit/401678_2022_madal_gauss_1792_3072_mask.npy,/home/tpipar/project/Lamapuit/output/cam_masks_gradcam_lineaware_smallsplit/401678_2022_madal_gauss_1792_3072_cam.npy
56,0.056490,0.264961,0.213201,401677_2022_madal:raw:1280:1472,401677_2022_madal,401677,2022,/home/tpipar/project/Lamapuit/output/chm_dataset_harmonized_0p8m_raw_gauss/chm_raw/401677_2022_madal_harmonized_dem_last_raw_chm.tif,1280,1472,128,,0.044046,0.403720,0.613384,0.500000,0.044046,0.022023,0.010452,0.000,0.000,401677_2022_madal_raw_1280_1472_mask.npy,401677_2022_madal_raw_1280_1472_cam.npy,/home/tpipar/project/Lamapuit/output/cam_masks_gradcam_lineaware_smallsplit/401677_2022_madal_raw_1280_1472_mask.npy,/home/tpipar/project/Lamapuit/output/cam_masks_gradcam_lineaware_smallsplit/401677_2022_madal_raw_1280_1472_cam.npy
57,0.056245,0.263814,0.213201,401677_2022_madal:raw:2560:960,401677_2022_madal,401677,2022,/home/tpipar/project/Lamapuit/output/chm_dataset_harmonized_0p8m_raw_gauss/chm_raw/401677_2022_madal_harmonized_dem_last_raw_chm.tif,2560,960,128,,0.061204,0.361206,0.619402,0.500000,0.061204,0.030602,0.010849,0.000,0.000,401677_2022_madal_raw_2560_960_mask.npy,401677_2022_madal_raw_2560_960_cam.npy,/home/tpipar/project/Lamapuit/output/cam_masks_gradcam_lineaware_smallsplit/401677_2022_madal_raw_2560_960_mask.npy,/home/tpipar/project/Lamapuit/output/cam_masks_gradcam_lineaware_smallsplit/401677_2022_madal_raw_2560_960_cam.npy
58,0.056206,0.269556,0.208514,401676_2022_madal:raw:1792:1984,401676_2022_madal,401676,2022,/home/tpipar/project/Lamapuit/output/chm_dataset_harmonized_0p8m_raw_gauss/chm_raw/401676_2022_madal_harmonized_dem_last_raw_chm.tif,1792,1984,128,,0.055470,0.394534,0.621251,0.500000,0.055470,0.027735,0.010971,0.000,0.000,401676_2022_madal_raw_1792_1984_mask.npy,401676_2022_madal_raw_1792_1984_cam.npy,/home/tpipar/project/Lamapuit/output/cam_masks_gradcam_lineaware_smallsplit/401676_2022_madal_raw_1792_1984_mask.npy,/home/tpipar/project/Lamapuit/output/cam_masks_gradcam_lineaware_smallsplit/401676_2022_madal_raw_1792_1984_cam.npy
59,0.056122,0.280608,0.200000,401678_2022_madal:gauss:2816:4872,401678_2022_madal,401678,2022,/home/tpipar/project/Lamapuit/output/chm_dataset_harmonized_0p8m_raw_gauss/chm_gauss/401678_2022_madal_harmonized_dem_last_gauss_chm.tif,2816,4872,128,,0.067746,0.607808,0.631884,0.000000,0.067746,0.033873,0.011673,1.000,0.000,401678_2022_madal_gauss_2816_4872_mask.npy,401678_2022_madal_gauss_2816_4872_cam.npy,/home/tpipar/project/Lamapuit/output/cam_masks_gradcam_lineaware_smallsplit/401678_2022_madal_gauss_2816_4872_mask.npy,/home/tpipar/project/Lamapuit/output/cam_masks_gradcam_lineaware_smallsplit/401678_2022_madal_gauss_2816_4872_cam.npy
60,0.056030,0.345393,0.162221,436646_2020_madal:gauss:1472:768,436646_2020_madal,436646,2020,/home/tpipar/project/Lamapuit/output/chm_dataset_harmonized_0p8m_raw_gauss/chm_gauss/436646_2020_madal_harmonized_dem_last_gauss_chm.tif,1472,768,128,,0.111866,0.698588,0.765423,0.000000,0.111866,0.055933,0.020752,1.000,0.000,436646_2020_madal_gauss_1472_768_mask.npy,436646_2020_madal_gauss_1472_768_cam.npy,/home/tpipar/project/Lamapuit/output/cam_masks_gradcam_lineaware_smallsplit/436646_2020_madal_gauss_1472_768_mask.npy,/home/tpipar/project/Lamapuit/output/cam_masks_gradcam_lineaware_smallsplit/436646_2020_madal_gauss_1472_768_cam.npy
61,0.055403,0.277015,0.200000,401678_2022_madal:raw:1024:4352,401678_2022_madal,401678,2022,/home/tpipar/project/Lamapuit/output/chm_dataset_harmonized_0p8m_raw_gauss/chm_raw/401678_2022_madal_harmonized_dem_last_raw_chm.tif,1024,4352,128,,0.056094,0.424092,0.619630,0.500000,0.056094,0.028047,0.010864,0.000,0.000,401678_2022_madal_raw_1024_4352_mask.npy,401678_2022_madal_raw_1024_4352_cam.npy,/home/tpipar/project/Lamapuit/output/cam_masks_gradcam_lineaware_smallsplit/401678_2022_madal_raw_1024_4352_mask.npy,/home/tpipar/project/Lamapuit/output/cam_masks_gradcam_lineaware_smallsplit/401678_2022_madal_raw_1024_4352_cam.npy
62,0.054861,0.338186,0.162221,436646_2018_madal:gauss:640:1536,436646_2018_madal,436646,2018,/home/tpipar/project/Lamapuit/output/chm_dataset_harmonized_0p8m_raw_gauss/chm_gauss/436646_2018_madal_harmonized_dem_last_gauss_chm.tif,640,1536,128,,0.119516,0.625194,0.814197,0.000000,0.119516,0.059758,0.024353,1.000,0.000,436646_2018_madal_gauss_640_1536_mask.npy,436646_2018_madal_gauss_640_1536_cam.npy,/home/tpipar/project/Lamapuit/output/cam_masks_gradcam_lineaware_smallsplit/436646_2018_madal_gauss_640_1536_mask.npy,/home/tpipar/project/Lamapuit/output/cam_masks_gradcam_lineaware_smallsplit/436646_2018_madal_gauss_640_1536_cam.npy
63,0.054849,0.263045,0.208514,401676_2022_madal:raw:2560:2112,401676_2022_madal,401676,2022,/home/tpipar/project/Lamapuit/output/chm_dataset_harmonized_0p8m_raw_gauss/chm_raw/401676_2022_madal_harmonized_dem_last_raw_chm.tif,2560,2112,128,,0.043654,0.408087,0.594644,0.500000,0.043654,0.021827,0.009216,0.000,0.000,401676_2022_madal_raw_2560_2112_mask.npy,401676_2022_madal_raw_2560_2112_cam.npy,/home/tpipar/project/Lamapuit/output/cam_masks_gradcam_lineaware_smallsplit/401676_2022_madal_raw_2560_2112_mask.npy,/home/tpipar/project/Lamapuit/output/cam_masks_gradcam_lineaware_smallsplit/401676_2022_madal_raw_2560_2112_cam.npy
64,0.054841,0.338062,0.162221,436646_2020_madal:gauss:1280:960,436646_2020_madal,436646,2020,/home/tpipar/project/Lamapuit/output/chm_dataset_harmonized_0p8m_raw_gauss/chm_gauss/436646_2020_madal_harmonized_dem_last_gauss_chm.tif,1280,960,128,,0.107176,0.684568,0.755547,0.000000,0.107176,0.053588,0.020050,1.000,0.000,436646_2020_madal_gauss_1280_960_mask.npy,436646_2020_madal_gauss_1280_960_cam.npy,/home/tpipar/project/Lamapuit/output/cam_masks_gradcam_lineaware_smallsplit/436646_2020_madal_gauss_1280_960_mask.npy,/home/tpipar/project/Lamapuit/output/cam_masks_gradcam_lineaware_smallsplit/436646_2020_madal_gauss_1280_960_cam.npy
65,0.054438,0.335577,0.162221,436646_2018_madal:gauss:640:128,436646_2018_madal,436646,2018,/home/tpipar/project/Lamapuit/output/chm_dataset_harmonized_0p8m_raw_gauss/chm_gauss/436646_2018_madal_harmonized_dem_last_gauss_chm.tif,640,128,128,,0.127618,0.593458,0.822693,0.000000,0.127618,0.063809,0.025009,1.000,0.000,436646_2018_madal_gauss_640_128_mask.npy,436646_2018_madal_gauss_640_128_cam.npy,/home/tpipar/project/Lamapuit/output/cam_masks_gradcam_lineaware_smallsplit/436646_2018_madal_gauss_640_128_mask.npy,/home/tpipar/project/Lamapuit/output/cam_masks_gradcam_lineaware_smallsplit/436646_2018_madal_gauss_640_128_cam.npy
66,0.054347,0.271734,0.200000,401678_2022_madal:raw:2816:2816,401678_2022_madal,401678,2022,/home/tpipar/project/Lamapuit/output/chm_dataset_harmonized_0p8m_raw_gauss/chm_raw/401678_2022_madal_harmonized_dem_last_raw_chm.tif,2816,2816,128,,0.050142,0.423617,0.605060,0.500000,0.050142,0.025071,0.009903,0.000,0.000,401678_2022_madal_raw_2816_2816_mask.npy,401678_2022_madal_raw_2816_2816_cam.npy,/home/tpipar/project/Lamapuit/output/cam_masks_gradcam_lineaware_smallsplit/401678_2022_madal_raw_2816_2816_mask.npy,/home/tpipar/project/Lamapuit/output/cam_masks_gradcam_lineaware_smallsplit/401678_2022_madal_raw_2816_2816_cam.npy
67,0.054299,0.260408,0.208514,401676_2022_madal:raw:1408:1408,401676_2022_madal,401676,2022,/home/tpipar/project/Lamapuit/output/chm_dataset_harmonized_0p8m_raw_gauss/chm_raw/401676_2022_madal_harmonized_dem_last_raw_chm.tif,1408,1408,128,,0.054100,0.351531,0.636499,0.500000,0.054100,0.027050,0.011978,0.000,0.000,401676_2022_madal_raw_1408_1408_mask.npy,401676_2022_madal_raw_1408_1408_cam.npy,/home/tpipar/project/Lamapuit/output/cam_masks_gradcam_lineaware_smallsplit/401676_2022_madal_raw_1408_1408_mask.npy,/home/tpipar/project/Lamapuit/output/cam_masks_gradcam_lineaware_smallsplit/401676_2022_madal_raw_1408_1408_cam.npy
68,0.053511,0.329866,0.162221,436646_2020_madal:gauss:384:384,436646_2020_madal,436646,2020,/home/tpipar/project/Lamapuit/output/chm_dataset_harmonized_0p8m_raw_gauss/chm_gauss/436646_2020_madal_harmonized_dem_last_gauss_chm.tif,384,384,128,,0.107784,0.610981,0.821523,0.000000,0.107784,0.053892,0.024918,1.000,0.000,436646_2020_madal_gauss_384_384_mask.npy,436646_2020_madal_gauss_384_384_cam.npy,/home/tpipar/project/Lamapuit/output/cam_masks_gradcam_lineaware_smallsplit/436646_2020_madal_gauss_384_384_mask.npy,/home/tpipar/project/Lamapuit/output/cam_masks_gradcam_lineaware_smallsplit/436646_2020_madal_gauss_384_384_cam.npy
69,0.053127,0.249190,0.213201,401677_2022_madal:raw:448:1728,401677_2022_madal,401677,2022,/home/tpipar/project/Lamapuit/output/chm_dataset_harmonized_0p8m_raw_gauss/chm_raw/401677_2022_madal_harmonized_dem_last_raw_chm.tif,448,1728,128,,0.057118,0.493155,0.648947,0.000000,0.057118,0.028559,0.012802,3.000,0.000,401677_2022_madal_raw_448_1728_mask.npy,401677_2022_madal_raw_448_1728_cam.npy,/home/tpipar/project/Lamapuit/output/cam_masks_gradcam_lineaware_smallsplit/401677_2022_madal_raw_448_1728_mask.npy,/home/tpipar/project/Lamapuit/output/cam_masks_gradcam_lineaware_smallsplit/401677_2022_madal_raw_448_1728_cam.npy
70,0.052435,0.323230,0.162221,436646_2020_madal:gauss:320:1600,436646_2020_madal,436646,2020,/home/tpipar/project/Lamapuit/output/chm_dataset_harmonized_0p8m_raw_gauss/chm_gauss/436646_2020_madal_harmonized_dem_last_gauss_chm.tif,320,1600,128,,0.105570,0.588164,0.822693,0.000000,0.105570,0.052785,0.025009,1.000,0.000,436646_2020_madal_gauss_320_1600_mask.npy,436646_2020_madal_gauss_320_1600_cam.npy,/home/tpipar/project/Lamapuit/output/cam_masks_gradcam_lineaware_smallsplit/436646_2020_madal_gauss_320_1600_mask.npy,/home/tpipar/project/Lamapuit/output/cam_masks_gradcam_lineaware_smallsplit/436646_2020_madal_gauss_320_1600_cam.npy
71,0.052420,0.323140,0.162221,436646_2018_madal:gauss:1280:1152,436646_2018_madal,436646,2018,/home/tpipar/project/Lamapuit/output/chm_dataset_harmonized_0p8m_raw_gauss/chm_gauss/436646_2018_madal_harmonized_dem_last_gauss_chm.tif,1280,1152,128,,0.099428,0.618073,0.792717,0.000000,0.099428,0.049714,0.022736,1.000,0.000,436646_2018_madal_gauss_1280_1152_mask.npy,436646_2018_madal_gauss_1280_1152_cam.npy,/home/tpipar/project/Lamapuit/output/cam_masks_gradcam_lineaware_smallsplit/436646_2018_madal_gauss_1280_1152_mask.npy,/home/tpipar/project/Lamapuit/output/cam_masks_gradcam_lineaware_smallsplit/436646_2018_madal_gauss_1280_1152_cam.npy
72,0.051752,0.248193,0.208514,401676_2022_madal:gauss:3392:512,401676_2022_madal,401676,2022,/home/tpipar/project/Lamapuit/output/chm_dataset_harmonized_0p8m_raw_gauss/chm_gauss/401676_2022_madal_harmonized_dem_last_gauss_chm.tif,3392,512,128,,0.042660,0.555520,0.586553,0.000000,0.042660,0.021330,0.008682,1.000,0.000,401676_2022_madal_gauss_3392_512_mask.npy,401676_2022_madal_gauss_3392_512_cam.npy,/home/tpipar/project/Lamapuit/output/cam_masks_gradcam_lineaware_smallsplit/401676_2022_madal_gauss_3392_512_mask.npy,/home/tpipar/project/Lamapuit/output/cam_masks_gradcam_lineaware_smallsplit/401676_2022_madal_gauss_3392_512_cam.npy
73,0.051737,0.258685,0.200000,401678_2022_madal:raw:768:3840,401678_2022_madal,401678,2022,/home/tpipar/project/Lamapuit/output/chm_dataset_harmonized_0p8m_raw_gauss/chm_raw/401678_2022_madal_harmonized_dem_last_raw_chm.tif,768,3840,128,,0.054242,0.356007,0.617083,0.500000,0.054242,0.027121,0.010696,0.000,0.000,401678_2022_madal_raw_768_3840_mask.npy,401678_2022_madal_raw_768_3840_cam.npy,/home/tpipar/project/Lamapuit/output/cam_masks_gradcam_lineaware_smallsplit/401678_2022_madal_raw_768_3840_mask.npy,/home/tpipar/project/Lamapuit/output/cam_masks_gradcam_lineaware_smallsplit/401678_2022_madal_raw_768_3840_cam.npy
74,0.051553,0.317796,0.162221,436646_2018_madal:raw:448:832,436646_2018_madal,436646,2018,/home/tpipar/project/Lamapuit/output/chm_dataset_harmonized_0p8m_raw_gauss/chm_raw/436646_2018_madal_harmonized_dem_last_raw_chm.tif,448,832,128,,0.097556,0.626505,0.749276,0.000000,0.097556,0.048778,0.019608,10.000,0.000,436646_2018_madal_raw_448_832_mask.npy,436646_2018_madal_raw_448_832_cam.npy,/home/tpipar/project/Lamapuit/output/cam_masks_gradcam_lineaware_smallsplit/436646_2018_madal_raw_448_832_mask.npy,/home/tpipar/project/Lamapuit/output/cam_masks_gradcam_lineaware_smallsplit/436646_2018_madal_raw_448_832_cam.npy
75,0.051541,0.241749,0.213201,401677_2022_madal:raw:2304:960,401677_2022_madal,401677,2022,/home/tpipar/project/Lamapuit/output/chm_dataset_harmonized_0p8m_raw_gauss/chm_raw/401677_2022_madal_harmonized_dem_last_raw_chm.tif,2304,960,128,,0.049540,0.327202,0.567855,0.500000,0.049540,0.024770,0.007446,0.000,0.000,401677_2022_madal_raw_2304_960_mask.npy,401677_2022_madal_raw_2304_960_cam.npy,/home/tpipar/project/Lamapuit/output/cam_masks_gradcam_lineaware_smallsplit/401677_2022_madal_raw_2304_960_mask.npy,/home/tpipar/project/Lamapuit/output/cam_masks_gradcam_lineaware_smallsplit/401677_2022_madal_raw_2304_960_cam.npy
76,0.051428,0.246642,0.208514,401676_2022_madal:raw:1984:896,401676_2022_madal,401676,2022,/home/tpipar/project/Lamapuit/output/chm_dataset_harmonized_0p8m_raw_gauss/chm_raw/401676_2022_madal_harmonized_dem_last_raw_chm.tif,1984,896,128,,0.052696,0.327990,0.588643,0.500000,0.052696,0.026348,0.008820,0.000,0.000,401676_2022_madal_raw_1984_896_mask.npy,401676_2022_madal_raw_1984_896_cam.npy,/home/tpipar/project/Lamapuit/output/cam_masks_gradcam_lineaware_smallsplit/401676_2022_madal_raw_1984_896_mask.npy,/home/tpipar/project/Lamapuit/output/cam_masks_gradcam_lineaware_smallsplit/401676_2022_madal_raw_1984_896_cam.npy
77,0.051279,0.256394,0.200000,401678_2022_madal:raw:512:4864,401678_2022_madal,401678,2022,/home/tpipar/project/Lamapuit/output/chm_dataset_harmonized_0p8m_raw_gauss/chm_raw/401678_2022_madal_harmonized_dem_last_raw_chm.tif,512,4864,128,,0.046430,0.361491,0.618705,0.500000,0.046430,0.023215,0.010803,0.000,0.000,401678_2022_madal_raw_512_4864_mask.npy,401678_2022_madal_raw_512_4864_cam.npy,/home/tpipar/project/Lamapuit/output/cam_masks_gradcam_lineaware_smallsplit/401678_2022_madal_raw_512_4864_mask.npy,/home/tpipar/project/Lamapuit/output/cam_masks_gradcam_lineaware_smallsplit/401678_2022_madal_raw_512_4864_cam.npy
78,0.051266,0.316024,0.162221,436646_2020_madal:raw:0:1088,436646_2020_madal,436646,2020,/home/tpipar/project/Lamapuit/output/chm_dataset_harmonized_0p8m_raw_gauss/chm_raw/436646_2020_madal_harmonized_dem_last_raw_chm.tif,0,1088,128,,0.090824,0.624219,0.763714,0.000000,0.090824,0.045412,0.020630,6.000,0.000,436646_2020_madal_raw_0_1088_mask.npy,436646_2020_madal_raw_0_1088_cam.npy,/home/tpipar/project/Lamapuit/output/cam_masks_gradcam_lineaware_smallsplit/436646_2020_madal_raw_0_1088_mask.npy,/home/tpipar/project/Lamapuit/output/cam_masks_gradcam_lineaware_smallsplit/436646_2020_madal_raw_0_1088_cam.npy
79,0.050886,0.238678,0.213201,401677_2022_madal:raw:1728:512,401677_2022_madal,401677,2022,/home/tpipar/project/Lamapuit/output/chm_dataset_harmonized_0p8m_raw_gauss/chm_raw/401677_2022_madal_harmonized_dem_last_raw_chm.tif,1728,512,128,,0.041464,0.330371,0.569018,0.500000,0.041464,0.020732,0.007523,0.000,0.000,401677_2022_madal_raw_1728_512_mask.npy,401677_2022_madal_raw_1728_512_cam.npy,/home/tpipar/project/Lamapuit/output/cam_masks_gradcam_lineaware_smallsplit/401677_2022_madal_raw_1728_512_mask.npy,/home/tpipar/project/Lamapuit/output/cam_masks_gradcam_lineaware_smallsplit/401677_2022_madal_raw_1728_512_cam.npy
80,0.050530,0.311489,0.162221,436646_2018_madal:raw:192:1664,436646_2018_madal,436646,2018,/home/tpipar/project/Lamapuit/output/chm_dataset_harmonized_0p8m_raw_gauss/chm_raw/436646_2018_madal_harmonized_dem_last_raw_chm.tif,192,1664,128,,0.099430,0.716340,0.477188,0.111111,0.099430,0.049715,0.001343,9.000,1.000,436646_2018_madal_raw_192_1664_mask.npy,436646_2018_madal_raw_192_1664_cam.npy,/home/tpipar/project/Lamapuit/output/cam_masks_gradcam_lineaware_smallsplit/436646_2018_madal_raw_192_1664_mask.npy,/home/tpipar/project/Lamapuit/output/cam_masks_gradcam_lineaware_smallsplit/436646_2018_madal_raw_192_1664_cam.npy
81,0.050497,0.242176,0.208514,401676_2022_madal:raw:1152:960,401676_2022_madal,401676,2022,/home/tpipar/project/Lamapuit/output/chm_dataset_harmonized_0p8m_raw_gauss/chm_raw/401676_2022_madal_harmonized_dem_last_raw_chm.tif,1152,960,128,,0.040568,0.321476,0.610155,0.500000,0.040568,0.020284,0.010239,0.000,0.000,401676_2022_madal_raw_1152_960_mask.npy,401676_2022_madal_raw_1152_960_cam.npy,/home/tpipar/project/Lamapuit/output/cam_masks_gradcam_lineaware_smallsplit/401676_2022_madal_raw_1152_960_mask.npy,/home/tpipar/project/Lamapuit/output/cam_masks_gradcam_lineaware_smallsplit/401676_2022_madal_raw_1152_960_cam.npy
82,0.050419,0.252093,0.200000,401678_2022_madal:raw:1280:4352,401678_2022_madal,401678,2022,/home/tpipar/project/Lamapuit/output/chm_dataset_harmonized_0p8m_raw_gauss/chm_raw/401678_2022_madal_harmonized_dem_last_raw_chm.tif,1280,4352,128,,0.057830,0.328010,0.607835,0.500000,0.057830,0.028915,0.010086,0.000,0.000,401678_2022_madal_raw_1280_4352_mask.npy,401678_2022_madal_raw_1280_4352_cam.npy,/home/tpipar/project/Lamapuit/output/cam_masks_gradcam_lineaware_smallsplit/401678_2022_madal_raw_1280_4352_mask.npy,/home/tpipar/project/Lamapuit/output/cam_masks_gradcam_lineaware_smallsplit/401678_2022_madal_raw_1280_4352_cam.npy
83,0.050153,0.240525,0.208514,401676_2022_madal:raw:2560:1792,401676_2022_madal,401676,2022,/home/tpipar/project/Lamapuit/output/chm_dataset_harmonized_0p8m_raw_gauss/chm_raw/401676_2022_madal_harmonized_dem_last_raw_chm.tif,2560,1792,128,,0.040932,0.331347,0.581480,0.500000,0.040932,0.020466,0.008347,0.000,0.000,401676_2022_madal_raw_2560_1792_mask.npy,401676_2022_madal_raw_2560_1792_cam.npy,/home/tpipar/project/Lamapuit/output/cam_masks_gradcam_lineaware_smallsplit/401676_2022_madal_raw_2560_1792_mask.npy,/home/tpipar/project/Lamapuit/output/cam_masks_gradcam_lineaware_smallsplit/401676_2022_madal_raw_2560_1792_cam.npy
84,0.049514,0.305228,0.162221,436646_2018_madal:gauss:1664:2176,436646_2018_madal,436646,2018,/home/tpipar/project/Lamapuit/output/chm_dataset_harmonized_0p8m_raw_gauss/chm_gauss/436646_2018_madal_harmonized_dem_last_gauss_chm.tif,1664,2176,128,,0.095852,0.538783,0.817373,0.000000,0.095852,0.047926,0.024597,2.000,0.000,436646_2018_madal_gauss_1664_2176_mask.npy,436646_2018_madal_gauss_1664_2176_cam.npy,/home/tpipar/project/Lamapuit/output/cam_masks_gradcam_lineaware_smallsplit/436646_2018_madal_gauss_1664_2176_mask.npy,/home/tpipar/project/Lamapuit/output/cam_masks_gradcam_lineaware_smallsplit/436646_2018_madal_gauss_1664_2176_cam.npy
85,0.049392,0.304473,0.162221,436646_2018_madal:raw:1600:1536,436646_2018_madal,436646,2018,/home/tpipar/project/Lamapuit/output/chm_dataset_harmonized_0p8m_raw_gauss/chm_raw/436646_2018_madal_harmonized_dem_last_raw_chm.tif,1600,1536,128,,0.071622,0.472887,0.669602,0.500000,0.071622,0.035811,0.014175,0.000,0.000,436646_2018_madal_raw_1600_1536_mask.npy,436646_2018_madal_raw_1600_1536_cam.npy,/home/tpipar/project/Lamapuit/output/cam_masks_gradcam_lineaware_smallsplit/436646_2018_madal_raw_1600_1536_mask.npy,/home/tpipar/project/Lamapuit/output/cam_masks_gradcam_lineaware_smallsplit/436646_2018_madal_raw_1600_1536_cam.npy
86,0.049078,0.245389,0.200000,401678_2022_madal:raw:1792:4608,401678_2022_madal,401678,2022,/home/tpipar/project/Lamapuit/output/chm_dataset_harmonized_0p8m_raw_gauss/chm_raw/401678_2022_madal_harmonized_dem_last_raw_chm.tif,1792,4608,128,,0.039014,0.363784,0.566240,0.500000,0.039014,0.019507,0.007339,0.000,0.000,401678_2022_madal_raw_1792_4608_mask.npy,401678_2022_madal_raw_1792_4608_cam.npy,/home/tpipar/project/Lamapuit/output/cam_masks_gradcam_lineaware_smallsplit/401678_2022_madal_raw_1792_4608_mask.npy,/home/tpipar/project/Lamapuit/output/cam_masks_gradcam_lineaware_smallsplit/401678_2022_madal_raw_1792_4608_cam.npy
87,0.048862,0.301206,0.162221,436646_2018_madal:gauss:3648:256,436646_2018_madal,436646,2018,/home/tpipar/project/Lamapuit/output/chm_dataset_harmonized_0p8m_raw_gauss/chm_gauss/436646_2018_madal_harmonized_dem_last_gauss_chm.tif,3648,256,128,,0.084326,0.582454,0.756197,0.000000,0.084326,0.042163,0.020096,1.000,0.000,436646_2018_madal_gauss_3648_256_mask.npy,436646_2018_madal_gauss_3648_256_cam.npy,/home/tpipar/project/Lamapuit/output/cam_masks_gradcam_lineaware_smallsplit/436646_2018_madal_gauss_3648_256_mask.npy,/home/tpipar/project/Lamapuit/output/cam_masks_gradcam_lineaware_smallsplit/436646_2018_madal_gauss_3648_256_cam.npy
88,0.048450,0.216674,0.223607,401675_2022_madal:raw:3072:1536,401675_2022_madal,401675,2022,/home/tpipar/project/Lamapuit/output/chm_dataset_harmonized_0p8m_raw_gauss/chm_raw/401675_2022_madal_harmonized_dem_last_raw_chm.tif,3072,1536,128,,0.021584,0.311514,0.520023,0.500000,0.021584,0.010792,0.004257,0.000,0.000,401675_2022_madal_raw_3072_1536_mask.npy,401675_2022_madal_raw_3072_1536_cam.npy,/home/tpipar/project/Lamapuit/output/cam_masks_gradcam_lineaware_smallsplit/401675_2022_madal_raw_3072_1536_mask.npy,/home/tpipar/project/Lamapuit/output/cam_masks_gradcam_lineaware_smallsplit/401675_2022_madal_raw_3072_1536_cam.npy
89,0.048060,0.225422,0.213201,401677_2022_madal:raw:832:1792,401677_2022_madal,401677,2022,/home/tpipar/project/Lamapuit/output/chm_dataset_harmonized_0p8m_raw_gauss/chm_raw/401677_2022_madal_harmonized_dem_last_raw_chm.tif,832,1792,128,,0.050976,0.417420,0.637195,0.000000,0.050976,0.025488,0.012024,2.000,0.000,401677_2022_madal_raw_832_1792_mask.npy,401677_2022_madal_raw_832_1792_cam.npy,/home/tpipar/project/Lamapuit/output/cam_masks_gradcam_lineaware_smallsplit/401677_2022_madal_raw_832_1792_mask.npy,/home/tpipar/project/Lamapuit/output/cam_masks_gradcam_lineaware_smallsplit/401677_2022_madal_raw_832_1792_cam.npy
90,0.047913,0.224733,0.213201,401677_2022_madal:raw:2688:640,401677_2022_madal,401677,2022,/home/tpipar/project/Lamapuit/output/chm_dataset_harmonized_0p8m_raw_gauss/chm_raw/401677_2022_madal_harmonized_dem_last_raw_chm.tif,2688,640,128,,0.023080,0.332294,0.534130,0.500000,0.023080,0.011540,0.005203,0.000,0.000,401677_2022_madal_raw_2688_640_mask.npy,401677_2022_madal_raw_2688_640_cam.npy,/home/tpipar/project/Lamapuit/output/cam_masks_gradcam_lineaware_smallsplit/401677_2022_madal_raw_2688_640_mask.npy,/home/tpipar/project/Lamapuit/output/cam_masks_gradcam_lineaware_smallsplit/401677_2022_madal_raw_2688_640_cam.npy
91,0.047459,0.227605,0.208514,401676_2022_madal:raw:2496:1856,401676_2022_madal,401676,2022,/home/tpipar/project/Lamapuit/output/chm_dataset_harmonized_0p8m_raw_gauss/chm_raw/401676_2022_madal_harmonized_dem_last_raw_chm.tif,2496,1856,128,,0.040016,0.278456,0.586553,0.500000,0.040016,0.020008,0.008682,0.000,0.000,401676_2022_madal_raw_2496_1856_mask.npy,401676_2022_madal_raw_2496_1856_cam.npy,/home/tpipar/project/Lamapuit/output/cam_masks_gradcam_lineaware_smallsplit/401676_2022_madal_raw_2496_1856_mask.npy,/home/tpipar/project/Lamapuit/output/cam_masks_gradcam_lineaware_smallsplit/401676_2022_madal_raw_2496_1856_cam.npy
92,0.047233,0.236166,0.200000,401678_2022_madal:raw:2560:3584,401678_2022_madal,401678,2022,/home/tpipar/project/Lamapuit/output/chm_dataset_harmonized_0p8m_raw_gauss/chm_raw/401678_2022_madal_harmonized_dem_last_raw_chm.tif,2560,3584,128,,0.044006,0.297091,0.599268,0.500000,0.044006,0.022003,0.009521,0.000,0.000,401678_2022_madal_raw_2560_3584_mask.npy,401678_2022_madal_raw_2560_3584_cam.npy,/home/tpipar/project/Lamapuit/output/cam_masks_gradcam_lineaware_smallsplit/401678_2022_madal_raw_2560_3584_mask.npy,/home/tpipar/project/Lamapuit/output/cam_masks_gradcam_lineaware_smallsplit/401678_2022_madal_raw_2560_3584_cam.npy
93,0.047014,0.289811,0.162221,436646_2018_madal:raw:3200:1408,436646_2018_madal,436646,2018,/home/tpipar/project/Lamapuit/output/chm_dataset_harmonized_0p8m_raw_gauss/chm_raw/436646_2018_madal_harmonized_dem_last_raw_chm.tif,3200,1408,128,,0.055514,0.475884,0.620554,0.500000,0.055514,0.027757,0.010925,0.000,0.000,436646_2018_madal_raw_3200_1408_mask.npy,436646_2018_madal_raw_3200_1408_cam.npy,/home/tpipar/project/Lamapuit/output/cam_masks_gradcam_lineaware_smallsplit/436646_2018_madal_raw_3200_1408_mask.npy,/home/tpipar/project/Lamapuit/output/cam_masks_gradcam_lineaware_smallsplit/436646_2018_madal_raw_3200_1408_cam.npy
94,0.046735,0.233674,0.200000,401678_2022_madal:raw:0:4872,401678_2022_madal,401678,2022,/home/tpipar/project/Lamapuit/output/chm_dataset_harmonized_0p8m_raw_gauss/chm_raw/401678_2022_madal_harmonized_dem_last_raw_chm.tif,0,4872,128,,0.067838,0.416149,0.638117,0.000000,0.067838,0.033919,0.012085,1.000,0.000,401678_2022_madal_raw_0_4872_mask.npy,401678_2022_madal_raw_0_4872_cam.npy,/home/tpipar/project/Lamapuit/output/cam_masks_gradcam_lineaware_smallsplit/401678_2022_madal_raw_0_4872_mask.npy,/home/tpipar/project/Lamapuit/output/cam_masks_gradcam_lineaware_smallsplit/401678_2022_madal_raw_0_4872_cam.npy
95,0.046715,0.233575,0.200000,401678_2022_madal:raw:512:3840,401678_2022_madal,401678,2022,/home/tpipar/project/Lamapuit/output/chm_dataset_harmonized_0p8m_raw_gauss/chm_raw/401678_2022_madal_harmonized_dem_last_raw_chm.tif,512,3840,128,,0.036356,0.322532,0.565092,0.500000,0.036356,0.018178,0.007263,0.000,0.000,401678_2022_madal_raw_512_3840_mask.npy,401678_2022_madal_raw_512_3840_cam.npy,/home/tpipar/project/Lamapuit/output/cam_masks_gradcam_lineaware_smallsplit/401678_2022_madal_raw_512_3840_mask.npy,/home/tpipar/project/Lamapuit/output/cam_masks_gradcam_lineaware_smallsplit/401678_2022_madal_raw_512_3840_cam.npy
96,0.046700,0.287877,0.162221,436646_2020_madal:raw:320:1856,436646_2020_madal,436646,2020,/home/tpipar/project/Lamapuit/output/chm_dataset_harmonized_0p8m_raw_gauss/chm_raw/436646_2020_madal_harmonized_dem_last_raw_chm.tif,320,1856,128,,0.088016,0.659985,0.474535,0.076923,0.088016,0.044008,0.001160,13.000,1.000,436646_2020_madal_raw_320_1856_mask.npy,436646_2020_madal_raw_320_1856_cam.npy,/home/tpipar/project/Lamapuit/output/cam_masks_gradcam_lineaware_smallsplit/436646_2020_madal_raw_320_1856_mask.npy,/home/tpipar/project/Lamapuit/output/cam_masks_gradcam_lineaware_smallsplit/436646_2020_madal_raw_320_1856_cam.npy
97,0.046624,0.223599,0.208514,401676_2022_madal:raw:1664:192,401676_2022_madal,401676,2022,/home/tpipar/project/Lamapuit/output/chm_dataset_harmonized_0p8m_raw_gauss/chm_raw/401676_2022_madal_harmonized_dem_last_raw_chm.tif,1664,192,128,,0.032946,0.287926,0.567629,0.500000,0.032946,0.016473,0.007431,0.000,0.000,401676_2022_madal_raw_1664_192_mask.npy,401676_2022_madal_raw_1664_192_cam.npy,/home/tpipar/project/Lamapuit/output/cam_masks_gradcam_lineaware_smallsplit/401676_2022_madal_raw_1664_192_mask.npy,/home/tpipar/project/Lamapuit/output/cam_masks_gradcam_lineaware_smallsplit/401676_2022_madal_raw_1664_192_cam.npy
98,0.046057,0.283912,0.162221,436646_2018_madal:raw:1472:2112,436646_2018_madal,436646,2018,/home/tpipar/project/Lamapuit/output/chm_dataset_harmonized_0p8m_raw_gauss/chm_raw/436646_2018_madal_harmonized_dem_last_raw_chm.tif,1472,2112,128,,0.054176,0.461066,0.610382,0.500000,0.054176,0.027088,0.010254,0.000,0.000,436646_2018_madal_raw_1472_2112_mask.npy,436646_2018_madal_raw_1472_2112_cam.npy,/home/tpipar/project/Lamapuit/output/cam_masks_gradcam_lineaware_smallsplit/436646_2018_madal_raw_1472_2112_mask.npy,/home/tpipar/project/Lamapuit/output/cam_masks_gradcam_lineaware_smallsplit/436646_2018_madal_raw_1472_2112_cam.npy
99,0.045960,0.283314,0.162221,436646_2018_madal:raw:384:1280,436646_2018_madal,436646,2018,/home/tpipar/project/Lamapuit/output/chm_dataset_harmonized_0p8m_raw_gauss/chm_raw/436646_2018_madal_harmonized_dem_last_raw_chm.tif,384,1280,128,,0.071486,0.570514,0.699616,0.000000,0.071486,0.035743,0.016190,6.000,0.000,436646_2018_madal_raw_384_1280_mask.npy,436646_2018_madal_raw_384_1280_cam.npy,/home/tpipar/project/Lamapuit/output/cam_masks_gradcam_lineaware_smallsplit/436646_2018_madal_raw_384_1280_mask.npy,/home/tpipar/project/Lamapuit/output/cam_masks_gradcam_lineaware_smallsplit/436646_2018_madal_raw_384_1280_cam.npy
100,0.044888,0.210545,0.213201,401677_2022_madal:raw:512:640,401677_2022_madal,401677,2022,/home/tpipar/project/Lamapuit/output/chm_dataset_harmonized_0p8m_raw_gauss/chm_raw/401677_2022_madal_harmonized_dem_last_raw_chm.tif,512,640,128,,0.028082,0.281596,0.507365,0.500000,0.028082,0.014041,0.003403,0.000,0.000,401677_2022_madal_raw_512_640_mask.npy,401677_2022_madal_raw_512_640_cam.npy,/home/tpipar/project/Lamapuit/output/cam_masks_gradcam_lineaware_smallsplit/401677_2022_madal_raw_512_640_mask.npy,/home/tpipar/project/Lamapuit/output/cam_masks_gradcam_lineaware_smallsplit/401677_2022_madal_raw_512_640_cam.npy
101,0.044204,0.272491,0.162221,436646_2020_madal:raw:640:2048,436646_2020_madal,436646,2020,/home/tpipar/project/Lamapuit/output/chm_dataset_harmonized_0p8m_raw_gauss/chm_raw/436646_2020_madal_harmonized_dem_last_raw_chm.tif,640,2048,128,,0.056562,0.622395,0.479628,0.166667,0.056562,0.028281,0.001511,6.000,1.000,436646_2020_madal_raw_640_2048_mask.npy,436646_2020_madal_raw_640_2048_cam.npy,/home/tpipar/project/Lamapuit/output/cam_masks_gradcam_lineaware_smallsplit/436646_2020_madal_raw_640_2048_mask.npy,/home/tpipar/project/Lamapuit/output/cam_masks_gradcam_lineaware_smallsplit/436646_2020_madal_raw_640_2048_cam.npy
102,0.043799,0.269995,0.162221,436646_2020_madal:raw:384:1152,436646_2020_madal,436646,2020,/home/tpipar/project/Lamapuit/output/chm_dataset_harmonized_0p8m_raw_gauss/chm_raw/436646_2020_madal_harmonized_dem_last_raw_chm.tif,384,1152,128,,0.061510,0.572015,0.641579,0.000000,0.061510,0.030755,0.012314,7.000,0.000,436646_2020_madal_raw_384_1152_mask.npy,436646_2020_madal_raw_384_1152_cam.npy,/home/tpipar/project/Lamapuit/output/cam_masks_gradcam_lineaware_smallsplit/436646_2020_madal_raw_384_1152_mask.npy,/home/tpipar/project/Lamapuit/output/cam_masks_gradcam_lineaware_smallsplit/436646_2020_madal_raw_384_1152_cam.npy
103,0.043373,0.267371,0.162221,436646_2018_madal:gauss:2752:1472,436646_2018_madal,436646,2018,/home/tpipar/project/Lamapuit/output/chm_dataset_harmonized_0p8m_raw_gauss/chm_gauss/436646_2018_madal_harmonized_dem_last_gauss_chm.tif,2752,1472,128,,0.062754,0.510773,0.722003,0.000000,0.062754,0.031377,0.017715,2.000,0.000,436646_2018_madal_gauss_2752_1472_mask.npy,436646_2018_madal_gauss_2752_1472_cam.npy,/home/tpipar/project/Lamapuit/output/cam_masks_gradcam_lineaware_smallsplit/436646_2018_madal_gauss_2752_1472_mask.npy,/home/tpipar/project/Lamapuit/output/cam_masks_gradcam_lineaware_smallsplit/436646_2018_madal_gauss_2752_1472_cam.npy
104,0.043339,0.216693,0.200000,401678_2022_madal:raw:2048:4864,401678_2022_madal,401678,2022,/home/tpipar/project/Lamapuit/output/chm_dataset_harmonized_0p8m_raw_gauss/chm_raw/401678_2022_madal_harmonized_dem_last_raw_chm.tif,2048,4864,128,,0.032020,0.283618,0.531858,0.500000,0.032020,0.016010,0.005051,0.000,0.000,401678_2022_madal_raw_2048_4864_mask.npy,401678_2022_madal_raw_2048_4864_cam.npy,/home/tpipar/project/Lamapuit/output/cam_masks_gradcam_lineaware_smallsplit/401678_2022_madal_raw_2048_4864_mask.npy,/home/tpipar/project/Lamapuit/output/cam_masks_gradcam_lineaware_smallsplit/401678_2022_madal_raw_2048_4864_cam.npy
105,0.043257,0.216284,0.200000,401678_2022_madal:raw:1536:4864,401678_2022_madal,401678,2022,/home/tpipar/project/Lamapuit/output/chm_dataset_harmonized_0p8m_raw_gauss/chm_raw/401678_2022_madal_harmonized_dem_last_raw_chm.tif,1536,4864,128,,0.021736,0.320354,0.502185,0.500000,0.021736,0.010868,0.003052,0.000,0.000,401678_2022_madal_raw_1536_4864_mask.npy,401678_2022_madal_raw_1536_4864_cam.npy,/home/tpipar/project/Lamapuit/output/cam_masks_gradcam_lineaware_smallsplit/401678_2022_madal_raw_1536_4864_mask.npy,/home/tpipar/project/Lamapuit/output/cam_masks_gradcam_lineaware_smallsplit/401678_2022_madal_raw_1536_4864_cam.npy
106,0.042859,0.264202,0.162221,436646_2020_madal:gauss:1792:1024,436646_2020_madal,436646,2020,/home/tpipar/project/Lamapuit/output/chm_dataset_harmonized_0p8m_raw_gauss/chm_gauss/436646_2020_madal_harmonized_dem_last_gauss_chm.tif,1792,1024,128,,0.048514,0.557874,0.669842,0.000000,0.048514,0.024257,0.014191,1.000,0.000,436646_2020_madal_gauss_1792_1024_mask.npy,436646_2020_madal_gauss_1792_1024_cam.npy,/home/tpipar/project/Lamapuit/output/cam_masks_gradcam_lineaware_smallsplit/436646_2020_madal_gauss_1792_1024_mask.npy,/home/tpipar/project/Lamapuit/output/cam_masks_gradcam_lineaware_smallsplit/436646_2020_madal_gauss_1792_1024_cam.npy
107,0.042632,0.262804,0.162221,436646_2018_madal:raw:4544:832,436646_2018_madal,436646,2018,/home/tpipar/project/Lamapuit/output/chm_dataset_harmonized_0p8m_raw_gauss/chm_raw/436646_2018_madal_harmonized_dem_last_raw_chm.tif,4544,832,128,,0.051902,0.380764,0.611080,0.500000,0.051902,0.025951,0.010300,0.000,0.000,436646_2018_madal_raw_4544_832_mask.npy,436646_2018_madal_raw_4544_832_cam.npy,/home/tpipar/project/Lamapuit/output/cam_masks_gradcam_lineaware_smallsplit/436646_2018_madal_raw_4544_832_mask.npy,/home/tpipar/project/Lamapuit/output/cam_masks_gradcam_lineaware_smallsplit/436646_2018_madal_raw_4544_832_cam.npy
108,0.042385,0.261279,0.162221,436646_2018_madal:gauss:4480:512,436646_2018_madal,436646,2018,/home/tpipar/project/Lamapuit/output/chm_dataset_harmonized_0p8m_raw_gauss/chm_gauss/436646_2018_madal_harmonized_dem_last_gauss_chm.tif,4480,512,128,,0.071848,0.466612,0.724681,0.000000,0.071848,0.035924,0.017899,4.000,0.000,436646_2018_madal_gauss_4480_512_mask.npy,436646_2018_madal_gauss_4480_512_cam.npy,/home/tpipar/project/Lamapuit/output/cam_masks_gradcam_lineaware_smallsplit/436646_2018_madal_gauss_4480_512_mask.npy,/home/tpipar/project/Lamapuit/output/cam_masks_gradcam_lineaware_smallsplit/436646_2018_madal_gauss_4480_512_cam.npy
109,0.042265,0.260540,0.162221,436646_2020_madal:raw:3008:704,436646_2020_madal,436646,2020,/home/tpipar/project/Lamapuit/output/chm_dataset_harmonized_0p8m_raw_gauss/chm_raw/436646_2020_madal_harmonized_dem_last_raw_chm.tif,3008,704,128,,0.061216,0.520164,0.665941,0.000000,0.061216,0.030608,0.013931,4.000,0.000,436646_2020_madal_raw_3008_704_mask.npy,436646_2020_madal_raw_3008_704_cam.npy,/home/tpipar/project/Lamapuit/output/cam_masks_gradcam_lineaware_smallsplit/436646_2020_madal_raw_3008_704_mask.npy,/home/tpipar/project/Lamapuit/output/cam_masks_gradcam_lineaware_smallsplit/436646_2020_madal_raw_3008_704_cam.npy
110,0.042112,0.259595,0.162221,436646_2018_madal:raw:2240:704,436646_2018_madal,436646,2018,/home/tpipar/project/Lamapuit/output/chm_dataset_harmonized_0p8m_raw_gauss/chm_raw/436646_2018_madal_harmonized_dem_last_raw_chm.tif,2240,704,128,,0.041470,0.407389,0.580087,0.500000,0.041470,0.020735,0.008255,0.000,0.000,436646_2018_madal_raw_2240_704_mask.npy,436646_2018_madal_raw_2240_704_cam.npy,/home/tpipar/project/Lamapuit/output/cam_masks_gradcam_lineaware_smallsplit/436646_2018_madal_raw_2240_704_mask.npy,/home/tpipar/project/Lamapuit/output/cam_masks_gradcam_lineaware_smallsplit/436646_2018_madal_raw_2240_704_cam.npy
111,0.041818,0.257785,0.162221,436646_2018_madal:raw:3904:1472,436646_2018_madal,436646,2018,/home/tpipar/project/Lamapuit/output/chm_dataset_harmonized_0p8m_raw_gauss/chm_raw/436646_2018_madal_harmonized_dem_last_raw_chm.tif,3904,1472,128,,0.063714,0.516553,0.645265,0.000000,0.063714,0.031857,0.012558,1.000,0.000,436646_2018_madal_raw_3904_1472_mask.npy,436646_2018_madal_raw_3904_1472_cam.npy,/home/tpipar/project/Lamapuit/output/cam_masks_gradcam_lineaware_smallsplit/436646_2018_madal_raw_3904_1472_mask.npy,/home/tpipar/project/Lamapuit/output/cam_masks_gradcam_lineaware_smallsplit/436646_2018_madal_raw_3904_1472_cam.npy
112,0.041303,0.254610,0.162221,436646_2020_madal:raw:3264:1024,436646_2020_madal,436646,2020,/home/tpipar/project/Lamapuit/output/chm_dataset_harmonized_0p8m_raw_gauss/chm_raw/436646_2020_madal_harmonized_dem_last_raw_chm.tif,3264,1024,128,,0.061512,0.487351,0.680105,0.000000,0.061512,0.030756,0.014877,1.000,0.000,436646_2020_madal_raw_3264_1024_mask.npy,436646_2020_madal_raw_3264_1024_cam.npy,/home/tpipar/project/Lamapuit/output/cam_masks_gradcam_lineaware_smallsplit/436646_2020_madal_raw_3264_1024_mask.npy,/home/tpipar/project/Lamapuit/output/cam_masks_gradcam_lineaware_smallsplit/436646_2020_madal_raw_3264_1024_cam.npy
113,0.040936,0.252345,0.162221,436646_2018_madal:raw:1536:1728,436646_2018_madal,436646,2018,/home/tpipar/project/Lamapuit/output/chm_dataset_harmonized_0p8m_raw_gauss/chm_raw/436646_2018_madal_harmonized_dem_last_raw_chm.tif,1536,1728,128,,0.072472,0.456508,0.679881,0.000000,0.072472,0.036236,0.014862,1.000,0.000,436646_2018_madal_raw_1536_1728_mask.npy,436646_2018_madal_raw_1536_1728_cam.npy,/home/tpipar/project/Lamapuit/output/cam_masks_gradcam_lineaware_smallsplit/436646_2018_madal_raw_1536_1728_mask.npy,/home/tpipar/project/Lamapuit/output/cam_masks_gradcam_lineaware_smallsplit/436646_2018_madal_raw_1536_1728_cam.npy
114,0.040323,0.248566,0.162221,436646_2020_madal:raw:2752:1152,436646_2020_madal,436646,2020,/home/tpipar/project/Lamapuit/output/chm_dataset_harmonized_0p8m_raw_gauss/chm_raw/436646_2020_madal_harmonized_dem_last_raw_chm.tif,2752,1152,128,,0.058080,0.494546,0.639266,0.000000,0.058080,0.029040,0.012161,2.000,0.000,436646_2020_madal_raw_2752_1152_mask.npy,436646_2020_madal_raw_2752_1152_cam.npy,/home/tpipar/project/Lamapuit/output/cam_masks_gradcam_lineaware_smallsplit/436646_2020_madal_raw_2752_1152_mask.npy,/home/tpipar/project/Lamapuit/output/cam_masks_gradcam_lineaware_smallsplit/436646_2020_madal_raw_2752_1152_cam.npy
115,0.040310,0.201549,0.200000,401678_2022_madal:raw:2048:4352,401678_2022_madal,401678,2022,/home/tpipar/project/Lamapuit/output/chm_dataset_harmonized_0p8m_raw_gauss/chm_raw/401678_2022_madal_harmonized_dem_last_raw_chm.tif,2048,4352,128,,0.017932,0.263072,0.512099,0.500000,0.017932,0.008966,0.003723,0.000,0.000,401678_2022_madal_raw_2048_4352_mask.npy,401678_2022_madal_raw_2048_4352_cam.npy,/home/tpipar/project/Lamapuit/output/cam_masks_gradcam_lineaware_smallsplit/401678_2022_madal_raw_2048_4352_mask.npy,/home/tpipar/project/Lamapuit/output/cam_masks_gradcam_lineaware_smallsplit/401678_2022_madal_raw_2048_4352_cam.npy
116,0.039834,0.245552,0.162221,436646_2018_madal:raw:3200:1536,436646_2018_madal,436646,2018,/home/tpipar/project/Lamapuit/output/chm_dataset_harmonized_0p8m_raw_gauss/chm_raw/436646_2018_madal_harmonized_dem_last_raw_chm.tif,3200,1536,128,,0.055166,0.476846,0.658381,0.000000,0.055166,0.027583,0.013428,3.000,0.000,436646_2018_madal_raw_3200_1536_mask.npy,436646_2018_madal_raw_3200_1536_cam.npy,/home/tpipar/project/Lamapuit/output/cam_masks_gradcam_lineaware_smallsplit/436646_2018_madal_raw_3200_1536_mask.npy,/home/tpipar/project/Lamapuit/output/cam_masks_gradcam_lineaware_smallsplit/436646_2018_madal_raw_3200_1536_cam.npy
117,0.039816,0.190950,0.208514,401676_2022_madal:raw:3072:1152,401676_2022_madal,401676,2022,/home/tpipar/project/Lamapuit/output/chm_dataset_harmonized_0p8m_raw_gauss/chm_raw/401676_2022_madal_harmonized_dem_last_raw_chm.tif,3072,1152,128,,0.023048,0.202146,0.525933,0.500000,0.023048,0.011524,0.004654,0.000,0.000,401676_2022_madal_raw_3072_1152_mask.npy,401676_2022_madal_raw_3072_1152_cam.npy,/home/tpipar/project/Lamapuit/output/cam_masks_gradcam_lineaware_smallsplit/401676_2022_madal_raw_3072_1152_mask.npy,/home/tpipar/project/Lamapuit/output/cam_masks_gradcam_lineaware_smallsplit/401676_2022_madal_raw_3072_1152_cam.npy
118,0.039416,0.189033,0.208514,401676_2022_madal:raw:3136:832,401676_2022_madal,401676,2022,/home/tpipar/project/Lamapuit/output/chm_dataset_harmonized_0p8m_raw_gauss/chm_raw/401676_2022_madal_harmonized_dem_last_raw_chm.tif,3136,832,128,,0.019340,0.207478,0.516621,0.500000,0.019340,0.009670,0.004028,0.000,0.000,401676_2022_madal_raw_3136_832_mask.npy,401676_2022_madal_raw_3136_832_cam.npy,/home/tpipar/project/Lamapuit/output/cam_masks_gradcam_lineaware_smallsplit/401676_2022_madal_raw_3136_832_mask.npy,/home/tpipar/project/Lamapuit/output/cam_masks_gradcam_lineaware_smallsplit/401676_2022_madal_raw_3136_832_cam.npy
119,0.039068,0.240832,0.162221,436646_2020_madal:raw:3136:1024,436646_2020_madal,436646,2020,/home/tpipar/project/Lamapuit/output/chm_dataset_harmonized_0p8m_raw_gauss/chm_raw/436646_2020_madal_harmonized_dem_last_raw_chm.tif,3136,1024,128,,0.049504,0.489905,0.624024,0.000000,0.049504,0.024752,0.011154,3.000,0.000,436646_2020_madal_raw_3136_1024_mask.npy,436646_2020_madal_raw_3136_1024_cam.npy,/home/tpipar/project/Lamapuit/output/cam_masks_gradcam_lineaware_smallsplit/436646_2020_madal_raw_3136_1024_mask.npy,/home/tpipar/project/Lamapuit/output/cam_masks_gradcam_lineaware_smallsplit/436646_2020_madal_raw_3136_1024_cam.npy
120,0.038852,0.194258,0.200000,401678_2022_madal:raw:2816:4864,401678_2022_madal,401678,2022,/home/tpipar/project/Lamapuit/output/chm_dataset_harmonized_0p8m_raw_gauss/chm_raw/401678_2022_madal_harmonized_dem_last_raw_chm.tif,2816,4864,128,,0.024132,0.220559,0.513684,0.500000,0.024132,0.012066,0.003830,0.000,0.000,401678_2022_madal_raw_2816_4864_mask.npy,401678_2022_madal_raw_2816_4864_cam.npy,/home/tpipar/project/Lamapuit/output/cam_masks_gradcam_lineaware_smallsplit/401678_2022_madal_raw_2816_4864_mask.npy,/home/tpipar/project/Lamapuit/output/cam_masks_gradcam_lineaware_smallsplit/401678_2022_madal_raw_2816_4864_cam.npy
121,0.038478,0.237195,0.162221,436646_2018_madal:raw:4800:1472,436646_2018_madal,436646,2018,/home/tpipar/project/Lamapuit/output/chm_dataset_harmonized_0p8m_raw_gauss/chm_raw/436646_2018_madal_harmonized_dem_last_raw_chm.tif,4800,1472,128,,0.061712,0.438615,0.644570,0.000000,0.061712,0.030856,0.012512,3.000,0.000,436646_2018_madal_raw_4800_1472_mask.npy,436646_2018_madal_raw_4800_1472_cam.npy,/home/tpipar/project/Lamapuit/output/cam_masks_gradcam_lineaware_smallsplit/436646_2018_madal_raw_4800_1472_mask.npy,/home/tpipar/project/Lamapuit/output/cam_masks_gradcam_lineaware_smallsplit/436646_2018_madal_raw_4800_1472_cam.npy
122,0.037077,0.228558,0.162221,436646_2018_madal:raw:4288:640,436646_2018_madal,436646,2018,/home/tpipar/project/Lamapuit/output/chm_dataset_harmonized_0p8m_raw_gauss/chm_raw/436646_2018_madal_harmonized_dem_last_raw_chm.tif,4288,640,128,,0.041850,0.286354,0.573628,0.500000,0.041850,0.020925,0.007828,0.000,0.000,436646_2018_madal_raw_4288_640_mask.npy,436646_2018_madal_raw_4288_640_cam.npy,/home/tpipar/project/Lamapuit/output/cam_masks_gradcam_lineaware_smallsplit/436646_2018_madal_raw_4288_640_mask.npy,/home/tpipar/project/Lamapuit/output/cam_masks_gradcam_lineaware_smallsplit/436646_2018_madal_raw_4288_640_cam.npy
123,0.036893,0.227421,0.162221,436646_2020_madal:raw:2560:1536,436646_2020_madal,436646,2020,/home/tpipar/project/Lamapuit/output/chm_dataset_harmonized_0p8m_raw_gauss/chm_raw/436646_2020_madal_harmonized_dem_last_raw_chm.tif,2560,1536,128,,0.042984,0.470812,0.588174,0.000000,0.042984,0.021492,0.008789,1.000,0.000,436646_2020_madal_raw_2560_1536_mask.npy,436646_2020_madal_raw_2560_1536_cam.npy,/home/tpipar/project/Lamapuit/output/cam_masks_gradcam_lineaware_smallsplit/436646_2020_madal_raw_2560_1536_mask.npy,/home/tpipar/project/Lamapuit/output/cam_masks_gradcam_lineaware_smallsplit/436646_2020_madal_raw_2560_1536_cam.npy
124,0.034253,0.211148,0.162221,436646_2020_madal:raw:4416:1856,436646_2020_madal,436646,2020,/home/tpipar/project/Lamapuit/output/chm_dataset_harmonized_0p8m_raw_gauss/chm_raw/436646_2020_madal_harmonized_dem_last_raw_chm.tif,4416,1856,128,,0.047082,0.373933,0.627493,0.000000,0.047082,0.023541,0.011383,1.000,0.000,436646_2020_madal_raw_4416_1856_mask.npy,436646_2020_madal_raw_4416_1856_cam.npy,/home/tpipar/project/Lamapuit/output/cam_masks_gradcam_lineaware_smallsplit/436646_2020_madal_raw_4416_1856_mask.npy,/home/tpipar/project/Lamapuit/output/cam_masks_gradcam_lineaware_smallsplit/436646_2020_madal_raw_4416_1856_cam.npy
125,0.033856,0.208701,0.162221,436646_2020_madal:raw:1600:704,436646_2020_madal,436646,2020,/home/tpipar/project/Lamapuit/output/chm_dataset_harmonized_0p8m_raw_gauss/chm_raw/436646_2020_madal_harmonized_dem_last_raw_chm.tif,1600,704,128,,0.038564,0.417789,0.566481,0.000000,0.038564,0.019282,0.007355,2.000,0.000,436646_2020_madal_raw_1600_704_mask.npy,436646_2020_madal_raw_1600_704_cam.npy,/home/tpipar/project/Lamapuit/output/cam_masks_gradcam_lineaware_smallsplit/436646_2020_madal_raw_1600_704_mask.npy,/home/tpipar/project/Lamapuit/output/cam_masks_gradcam_lineaware_smallsplit/436646_2020_madal_raw_1600_704_cam.npy
126,0.033393,0.205845,0.162221,436646_2018_madal:raw:3648:1792,436646_2018_madal,436646,2018,/home/tpipar/project/Lamapuit/output/chm_dataset_harmonized_0p8m_raw_gauss/chm_raw/436646_2018_madal_harmonized_dem_last_raw_chm.tif,3648,1792,128,,0.029684,0.237909,0.543508,0.500000,0.029684,0.014842,0.005829,0.000,0.000,436646_2018_madal_raw_3648_1792_mask.npy,436646_2018_madal_raw_3648_1792_cam.npy,/home/tpipar/project/Lamapuit/output/cam_masks_gradcam_lineaware_smallsplit/436646_2018_madal_raw_3648_1792_mask.npy,/home/tpipar/project/Lamapuit/output/cam_masks_gradcam_lineaware_smallsplit/436646_2018_madal_raw_3648_1792_cam.npy
127,0.026537,0.118675,0.223607,401675_2022_madal:raw:3328:1536,401675_2022_madal,401675,2022,/home/tpipar/project/Lamapuit/output/chm_dataset_harmonized_0p8m_raw_gauss/chm_raw/401675_2022_madal_harmonized_dem_last_raw_chm.tif,3328,1536,128,,0.000000,0.000000,0.457833,0.500000,0.000000,0.000000,0.000000,0.000,0.000,401675_2022_madal_raw_3328_1536_mask.npy,401675_2022_madal_raw_3328_1536_cam.npy,/home/tpipar/project/Lamapuit/output/cam_masks_gradcam_lineaware_smallsplit/401675_2022_madal_raw_3328_1536_mask.npy,/home/tpipar/project/Lamapuit/output/cam_masks_gradcam_lineaware_smallsplit/401675_2022_madal_raw_3328_1536_cam.npy
128,0.026537,0.118675,0.223607,401675_2022_madal:gauss:3328:256,401675_2022_madal,401675,2022,/home/tpipar/project/Lamapuit/output/chm_dataset_harmonized_0p8m_raw_gauss/chm_gauss/401675_2022_madal_harmonized_dem_last_gauss_chm.tif,3328,256,128,,0.000000,0.000000,0.457833,0.500000,0.000000,0.000000,0.000000,0.000,0.000,401675_2022_madal_gauss_3328_256_mask.npy,401675_2022_madal_gauss_3328_256_cam.npy,/home/tpipar/project/Lamapuit/output/cam_masks_gradcam_lineaware_smallsplit/401675_2022_madal_gauss_3328_256_mask.npy,/home/tpipar/project/Lamapuit/output/cam_masks_gradcam_lineaware_smallsplit/401675_2022_madal_gauss_3328_256_cam.npy
