kaardiruut,filename,url,size_bytes,mapsheet,year,campaign,sample_id,laz_path
401675,401675_2022_madal.laz,https://geoportaal.maaamet.ee/index.php?lang_id=1&plugin_act=otsing&kaardiruut=401675&andmetyyp=lidar_laz_madal&dl=1&f=401675_2022_madal.laz&no_cache=69b49d4daf1cd&page_id=614,263800000,401675,2022,madal,401675_2022_madal,data/lamapuit/laz/401675_2022_madal.laz
401676,401676_2022_madal.laz,https://geoportaal.maaamet.ee/index.php?lang_id=1&plugin_act=otsing&kaardiruut=401676&andmetyyp=lidar_laz_madal&dl=1&f=401676_2022_madal.laz&no_cache=69b49d4e90493&page_id=614,203200000,401676,2022,madal,401676_2022_madal,data/lamapuit/laz/401676_2022_madal.laz
401677,401677_2022_madal.laz,https://geoportaal.maaamet.ee/index.php?lang_id=1&plugin_act=otsing&kaardiruut=401677&andmetyyp=lidar_laz_madal&dl=1&f=401677_2022_madal.laz&no_cache=69b49d4f7ce07&page_id=614,232800000,401677,2022,madal,401677_2022_madal,data/lamapuit/laz/401677_2022_madal.laz
401678,401678_2022_madal.laz,https://geoportaal.maaamet.ee/index.php?lang_id=1&plugin_act=otsing&kaardiruut=401678&andmetyyp=lidar_laz_madal&dl=1&f=401678_2022_madal.laz&no_cache=69b49d5052dc6&page_id=614,242700000,401678,2022,madal,401678_2022_madal,data/lamapuit/laz/401678_2022_madal.laz
436646,436646_2018_madal.laz,https://geoportaal.maaamet.ee/index.php?lang_id=1&plugin_act=otsing&kaardiruut=436646&andmetyyp=lidar_laz_madal&dl=1&f=436646_2018_madal.laz&no_cache=69b49d47d014b&page_id=614,266500000,436646,2018,madal,436646_2018_madal,data/lamapuit/laz/436646_2018_madal.laz
436646,436646_2020_madal.laz,https://geoportaal.maaamet.ee/index.php?lang_id=1&plugin_act=otsing&kaardiruut=436646&andmetyyp=lidar_laz_madal&dl=1&f=436646_2020_madal.laz&no_cache=69b49d47b4b64&page_id=614,405400000,436646,2020,madal,436646_2020_madal,data/lamapuit/laz/436646_2020_madal.laz
436646,436646_2022_madal.laz,https://geoportaal.maaamet.ee/index.php?lang_id=1&plugin_act=otsing&kaardiruut=436646&andmetyyp=lidar_laz_madal&dl=1&f=436646_2022_madal.laz&no_cache=69b49d478bbcf&page_id=614,785500000,436646,2022,madal,436646_2022_madal,data/lamapuit/laz/436646_2022_madal.laz
436646,436646_2024_madal.laz,https://geoportaal.maaamet.ee/index.php?lang_id=1&plugin_act=otsing&kaardiruut=436646&andmetyyp=lidar_laz_madal&dl=1&f=436646_2024_madal.laz&no_cache=69b49d476eba5&page_id=614,478100000,436646,2024,madal,436646_2024_madal,data/lamapuit/laz/436646_2024_madal.laz
436647,436647_2018_madal.laz,https://geoportaal.maaamet.ee/index.php?lang_id=1&plugin_act=otsing&kaardiruut=436647&andmetyyp=lidar_laz_madal&dl=1&f=436647_2018_madal.laz&no_cache=69b49d48c0e89&page_id=614,328100000,436647,2018,madal,436647_2018_madal,data/lamapuit/laz/436647_2018_madal.laz
436647,436647_2020_madal.laz,https://geoportaal.maaamet.ee/index.php?lang_id=1&plugin_act=otsing&kaardiruut=436647&andmetyyp=lidar_laz_madal&dl=1&f=436647_2020_madal.laz&no_cache=69b49d48a5370&page_id=614,477500000,436647,2020,madal,436647_2020_madal,data/lamapuit/laz/436647_2020_madal.laz
436647,436647_2022_madal.laz,https://geoportaal.maaamet.ee/index.php?lang_id=1&plugin_act=otsing&kaardiruut=436647&andmetyyp=lidar_laz_madal&dl=1&f=436647_2022_madal.laz&no_cache=69b49d487a377&page_id=614,967900000,436647,2022,madal,436647_2022_madal,data/lamapuit/laz/436647_2022_madal.laz
436647,436647_2024_madal.laz,https://geoportaal.maaamet.ee/index.php?lang_id=1&plugin_act=otsing&kaardiruut=436647&andmetyyp=lidar_laz_madal&dl=1&f=436647_2024_madal.laz&no_cache=69b49d485d8c7&page_id=614,560000000,436647,2024,madal,436647_2024_madal,data/lamapuit/laz/436647_2024_madal.laz
436648,436648_2018_madal.laz,https://geoportaal.maaamet.ee/index.php?lang_id=1&plugin_act=otsing&kaardiruut=436648&andmetyyp=lidar_laz_madal&dl=1&f=436648_2018_madal.laz&no_cache=69b49d49c660f&page_id=614,271700000,436648,2018,madal,436648_2018_madal,data/lamapuit/laz/436648_2018_madal.laz
436648,436648_2020_madal.laz,https://geoportaal.maaamet.ee/index.php?lang_id=1&plugin_act=otsing&kaardiruut=436648&andmetyyp=lidar_laz_madal&dl=1&f=436648_2020_madal.laz&no_cache=69b49d49aaf09&page_id=614,424600000,436648,2020,madal,436648_2020_madal,data/lamapuit/laz/436648_2020_madal.laz
436648,436648_2022_madal.laz,https://geoportaal.maaamet.ee/index.php?lang_id=1&plugin_act=otsing&kaardiruut=436648&andmetyyp=lidar_laz_madal&dl=1&f=436648_2022_madal.laz&no_cache=69b49d497b42d&page_id=614,814200000,436648,2022,madal,436648_2022_madal,data/lamapuit/laz/436648_2022_madal.laz
436648,436648_2024_madal.laz,https://geoportaal.maaamet.ee/index.php?lang_id=1&plugin_act=otsing&kaardiruut=436648&andmetyyp=lidar_laz_madal&dl=1&f=436648_2024_madal.laz&no_cache=69b49d495f1fe&page_id=614,484900000,436648,2024,madal,436648_2024_madal,data/lamapuit/laz/436648_2024_madal.laz
437646,437646_2018_madal.laz,https://geoportaal.maaamet.ee/index.php?lang_id=1&plugin_act=otsing&kaardiruut=437646&andmetyyp=lidar_laz_madal&dl=1&f=437646_2018_madal.laz&no_cache=69b49d44da61e&page_id=614,271300000,437646,2018,madal,437646_2018_madal,data/lamapuit/laz/437646_2018_madal.laz
437646,437646_2020_madal.laz,https://geoportaal.maaamet.ee/index.php?lang_id=1&plugin_act=otsing&kaardiruut=437646&andmetyyp=lidar_laz_madal&dl=1&f=437646_2020_madal.laz&no_cache=69b49d44bde0c&page_id=614,380400000,437646,2020,madal,437646_2020_madal,data/lamapuit/laz/437646_2020_madal.laz
437646,437646_2024_madal.laz,https://geoportaal.maaamet.ee/index.php?lang_id=1&plugin_act=otsing&kaardiruut=437646&andmetyyp=lidar_laz_madal&dl=1&f=437646_2024_madal.laz&no_cache=69b49d4475597&page_id=614,513299999,437646,2024,madal,437646_2024_madal,data/lamapuit/laz/437646_2024_madal.laz
437647,437647_2018_madal.laz,https://geoportaal.maaamet.ee/index.php?lang_id=1&plugin_act=otsing&kaardiruut=437647&andmetyyp=lidar_laz_madal&dl=1&f=437647_2018_madal.laz&no_cache=69b49d45ddb85&page_id=614,231500000,437647,2018,madal,437647_2018_madal,data/lamapuit/laz/437647_2018_madal.laz
437647,437647_2020_madal.laz,https://geoportaal.maaamet.ee/index.php?lang_id=1&plugin_act=otsing&kaardiruut=437647&andmetyyp=lidar_laz_madal&dl=1&f=437647_2020_madal.laz&no_cache=69b49d45bdccb&page_id=614,317200000,437647,2020,madal,437647_2020_madal,data/lamapuit/laz/437647_2020_madal.laz
437647,437647_2022_madal.laz,https://geoportaal.maaamet.ee/index.php?lang_id=1&plugin_act=otsing&kaardiruut=437647&andmetyyp=lidar_laz_madal&dl=1&f=437647_2022_madal.laz&no_cache=69b49d4591772&page_id=614,890600000,437647,2022,madal,437647_2022_madal,data/lamapuit/laz/437647_2022_madal.laz
437647,437647_2024_madal.laz,https://geoportaal.maaamet.ee/index.php?lang_id=1&plugin_act=otsing&kaardiruut=437647&andmetyyp=lidar_laz_madal&dl=1&f=437647_2024_madal.laz&no_cache=69b49d4575cff&page_id=614,408100000,437647,2024,madal,437647_2024_madal,data/lamapuit/laz/437647_2024_madal.laz
437648,437648_2018_madal.laz,https://geoportaal.maaamet.ee/index.php?lang_id=1&plugin_act=otsing&kaardiruut=437648&andmetyyp=lidar_laz_madal&dl=1&f=437648_2018_madal.laz&no_cache=69b49d46d42eb&page_id=614,304800000,437648,2018,madal,437648_2018_madal,data/lamapuit/laz/437648_2018_madal.laz
437648,437648_2020_madal.laz,https://geoportaal.maaamet.ee/index.php?lang_id=1&plugin_act=otsing&kaardiruut=437648&andmetyyp=lidar_laz_madal&dl=1&f=437648_2020_madal.laz&no_cache=69b49d46b8c23&page_id=614,483600000,437648,2020,madal,437648_2020_madal,data/lamapuit/laz/437648_2020_madal.laz
437648,437648_2024_madal.laz,https://geoportaal.maaamet.ee/index.php?lang_id=1&plugin_act=otsing&kaardiruut=437648&andmetyyp=lidar_laz_madal&dl=1&f=437648_2024_madal.laz&no_cache=69b49d46730c4&page_id=614,561200000,437648,2024,madal,437648_2024_madal,data/lamapuit/laz/437648_2024_madal.laz
445396,445396_2022_madal.laz,https://geoportaal.maaamet.ee/index.php?lang_id=1&plugin_act=otsing&kaardiruut=445396&andmetyyp=lidar_laz_madal&dl=1&f=445396_2022_madal.laz&no_cache=69b49d4310bc3&page_id=614,537800000,445396,2022,madal,445396_2022_madal,data/lamapuit/laz/445396_2022_madal.laz
451397,451397_2022_madal.laz,https://geoportaal.maaamet.ee/index.php?lang_id=1&plugin_act=otsing&kaardiruut=451397&andmetyyp=lidar_laz_madal&dl=1&f=451397_2022_madal.laz&no_cache=69b49d425af02&page_id=614,272700000,451397,2022,madal,451397_2022_madal,data/lamapuit/laz/451397_2022_madal.laz
470383,470383_2022_madal.laz,https://geoportaal.maaamet.ee/index.php?lang_id=1&plugin_act=otsing&kaardiruut=470383&andmetyyp=lidar_laz_madal&dl=1&f=470383_2022_madal.laz&no_cache=69b49d43b7bd1&page_id=614,217800000,470383,2022,madal,470383_2022_madal,data/lamapuit/laz/470383_2022_madal.laz
492473,492473_2022_madal.laz,https://geoportaal.maaamet.ee/index.php?lang_id=1&plugin_act=otsing&kaardiruut=492473&andmetyyp=lidar_laz_madal&dl=1&f=492473_2022_madal.laz&no_cache=69b49d4a63f3f&page_id=614,346900000,492473,2022,madal,492473_2022_madal,data/lamapuit/laz/492473_2022_madal.laz
494475,494475_2022_madal.laz,https://geoportaal.maaamet.ee/index.php?lang_id=1&plugin_act=otsing&kaardiruut=494475&andmetyyp=lidar_laz_madal&dl=1&f=494475_2022_madal.laz&no_cache=69b49d4b139c9&page_id=614,267600000,494475,2022,madal,494475_2022_madal,data/lamapuit/laz/494475_2022_madal.laz
538424,538424_2019_madal.laz,https://geoportaal.maaamet.ee/index.php?lang_id=1&plugin_act=otsing&kaardiruut=538424&andmetyyp=lidar_laz_madal&dl=1&f=538424_2019_madal.laz&no_cache=69b49d4cce9fe&page_id=614,185900000,538424,2019,madal,538424_2019_madal,data/lamapuit/laz/538424_2019_madal.laz
538424,538424_2021_madal.laz,https://geoportaal.maaamet.ee/index.php?lang_id=1&plugin_act=otsing&kaardiruut=538424&andmetyyp=lidar_laz_madal&dl=1&f=538424_2021_madal.laz&no_cache=69b49d4ca5c14&page_id=614,274000000,538424,2021,madal,538424_2021_madal,data/lamapuit/laz/538424_2021_madal.laz
579543,579543_2017_madal.laz,https://geoportaal.maaamet.ee/index.php?lang_id=1&plugin_act=otsing&kaardiruut=579543&andmetyyp=lidar_laz_madal&dl=1&f=579543_2017_madal.laz&no_cache=69b49d60caab9&page_id=614,142400000,579543,2017,madal,579543_2017_madal,data/lamapuit/laz/579543_2017_madal.laz
579543,579543_2018_madal.laz,https://geoportaal.maaamet.ee/index.php?lang_id=1&plugin_act=otsing&kaardiruut=579543&andmetyyp=lidar_laz_madal&dl=1&f=579543_2018_madal.laz&no_cache=69b49d60bacdd&page_id=614,211000000,579543,2018,madal,579543_2018_madal,data/lamapuit/laz/579543_2018_madal.laz
579543,579543_2019_madal.laz,https://geoportaal.maaamet.ee/index.php?lang_id=1&plugin_act=otsing&kaardiruut=579543&andmetyyp=lidar_laz_madal&dl=1&f=579543_2019_madal.laz&no_cache=69b49d609d9c4&page_id=614,227600000,579543,2019,madal,579543_2019_madal,data/lamapuit/laz/579543_2019_madal.laz
579543,579543_2020_madal.laz,https://geoportaal.maaamet.ee/index.php?lang_id=1&plugin_act=otsing&kaardiruut=579543&andmetyyp=lidar_laz_madal&dl=1&f=579543_2020_madal.laz&no_cache=69b49d608fca5&page_id=614,257300000,579543,2020,madal,579543_2020_madal,data/lamapuit/laz/579543_2020_madal.laz
579543,579543_2021_madal.laz,https://geoportaal.maaamet.ee/index.php?lang_id=1&plugin_act=otsing&kaardiruut=579543&andmetyyp=lidar_laz_madal&dl=1&f=579543_2021_madal.laz&no_cache=69b49d6072619&page_id=614,314600000,579543,2021,madal,579543_2021_madal,data/lamapuit/laz/579543_2021_madal.laz
579543,579543_2022_madal.laz,https://geoportaal.maaamet.ee/index.php?lang_id=1&plugin_act=otsing&kaardiruut=579543&andmetyyp=lidar_laz_madal&dl=1&f=579543_2022_madal.laz&no_cache=69b49d6064a29&page_id=614,348700000,579543,2022,madal,579543_2022_madal,data/lamapuit/laz/579543_2022_madal.laz
579543,579543_2023_madal.laz,https://geoportaal.maaamet.ee/index.php?lang_id=1&plugin_act=otsing&kaardiruut=579543&andmetyyp=lidar_laz_madal&dl=1&f=579543_2023_madal.laz&no_cache=69b49d6048604&page_id=614,332400000,579543,2023,madal,579543_2023_madal,data/lamapuit/laz/579543_2023_madal.laz
580535,580535_2017_madal.laz,https://geoportaal.maaamet.ee/index.php?lang_id=1&plugin_act=otsing&kaardiruut=580535&andmetyyp=lidar_laz_madal&dl=1&f=580535_2017_madal.laz&no_cache=69b49d53ec985&page_id=614,199300000,580535,2017,madal,580535_2017_madal,data/lamapuit/laz/580535_2017_madal.laz
580535,580535_2018_madal.laz,https://geoportaal.maaamet.ee/index.php?lang_id=1&plugin_act=otsing&kaardiruut=580535&andmetyyp=lidar_laz_madal&dl=1&f=580535_2018_madal.laz&no_cache=69b49d53deb9b&page_id=614,265399999,580535,2018,madal,580535_2018_madal,data/lamapuit/laz/580535_2018_madal.laz
580535,580535_2019_madal.laz,https://geoportaal.maaamet.ee/index.php?lang_id=1&plugin_act=otsing&kaardiruut=580535&andmetyyp=lidar_laz_madal&dl=1&f=580535_2019_madal.laz&no_cache=69b49d53c1f7f&page_id=614,349800000,580535,2019,madal,580535_2019_madal,data/lamapuit/laz/580535_2019_madal.laz
580535,580535_2020_madal.laz,https://geoportaal.maaamet.ee/index.php?lang_id=1&plugin_act=otsing&kaardiruut=580535&andmetyyp=lidar_laz_madal&dl=1&f=580535_2020_madal.laz&no_cache=69b49d53b2814&page_id=614,369400000,580535,2020,madal,580535_2020_madal,data/lamapuit/laz/580535_2020_madal.laz
580535,580535_2021_madal.laz,https://geoportaal.maaamet.ee/index.php?lang_id=1&plugin_act=otsing&kaardiruut=580535&andmetyyp=lidar_laz_madal&dl=1&f=580535_2021_madal.laz&no_cache=69b49d5394f1a&page_id=614,454000000,580535,2021,madal,580535_2021_madal,data/lamapuit/laz/580535_2021_madal.laz
580535,580535_2022_madal.laz,https://geoportaal.maaamet.ee/index.php?lang_id=1&plugin_act=otsing&kaardiruut=580535&andmetyyp=lidar_laz_madal&dl=1&f=580535_2022_madal.laz&no_cache=69b49d53860ae&page_id=614,510100000,580535,2022,madal,580535_2022_madal,data/lamapuit/laz/580535_2022_madal.laz
580535,580535_2023_madal.laz,https://geoportaal.maaamet.ee/index.php?lang_id=1&plugin_act=otsing&kaardiruut=580535&andmetyyp=lidar_laz_madal&dl=1&f=580535_2023_madal.laz&no_cache=69b49d5366e39&page_id=614,444300000,580535,2023,madal,580535_2023_madal,data/lamapuit/laz/580535_2023_madal.laz
580536,580536_2017_madal.laz,https://geoportaal.maaamet.ee/index.php?lang_id=1&plugin_act=otsing&kaardiruut=580536&andmetyyp=lidar_laz_madal&dl=1&f=580536_2017_madal.laz&no_cache=69b49d5554b2e&page_id=614,177500000,580536,2017,madal,580536_2017_madal,data/lamapuit/laz/580536_2017_madal.laz
580536,580536_2018_madal.laz,https://geoportaal.maaamet.ee/index.php?lang_id=1&plugin_act=otsing&kaardiruut=580536&andmetyyp=lidar_laz_madal&dl=1&f=580536_2018_madal.laz&no_cache=69b49d5543a6f&page_id=614,229200000,580536,2018,madal,580536_2018_madal,data/lamapuit/laz/580536_2018_madal.laz
580536,580536_2019_madal.laz,https://geoportaal.maaamet.ee/index.php?lang_id=1&plugin_act=otsing&kaardiruut=580536&andmetyyp=lidar_laz_madal&dl=1&f=580536_2019_madal.laz&no_cache=69b49d5524532&page_id=614,296300000,580536,2019,madal,580536_2019_madal,data/lamapuit/laz/580536_2019_madal.laz
580536,580536_2020_madal.laz,https://geoportaal.maaamet.ee/index.php?lang_id=1&plugin_act=otsing&kaardiruut=580536&andmetyyp=lidar_laz_madal&dl=1&f=580536_2020_madal.laz&no_cache=69b49d5513237&page_id=614,309500000,580536,2020,madal,580536_2020_madal,data/lamapuit/laz/580536_2020_madal.laz
580536,580536_2021_madal.laz,https://geoportaal.maaamet.ee/index.php?lang_id=1&plugin_act=otsing&kaardiruut=580536&andmetyyp=lidar_laz_madal&dl=1&f=580536_2021_madal.laz&no_cache=69b49d54e9736&page_id=614,390300000,580536,2021,madal,580536_2021_madal,data/lamapuit/laz/580536_2021_madal.laz
580536,580536_2022_madal.laz,https://geoportaal.maaamet.ee/index.php?lang_id=1&plugin_act=otsing&kaardiruut=580536&andmetyyp=lidar_laz_madal&dl=1&f=580536_2022_madal.laz&no_cache=69b49d54dbe91&page_id=614,432500000,580536,2022,madal,580536_2022_madal,data/lamapuit/laz/580536_2022_madal.laz
580536,580536_2023_madal.laz,https://geoportaal.maaamet.ee/index.php?lang_id=1&plugin_act=otsing&kaardiruut=580536&andmetyyp=lidar_laz_madal&dl=1&f=580536_2023_madal.laz&no_cache=69b49d54c09e4&page_id=614,384200000,580536,2023,madal,580536_2023_madal,data/lamapuit/laz/580536_2023_madal.laz
580537,580537_2017_madal.laz,https://geoportaal.maaamet.ee/index.php?lang_id=1&plugin_act=otsing&kaardiruut=580537&andmetyyp=lidar_laz_madal&dl=1&f=580537_2017_madal.laz&no_cache=69b49d56c25c2&page_id=614,206100000,580537,2017,madal,580537_2017_madal,data/lamapuit/laz/580537_2017_madal.laz
580537,580537_2018_madal.laz,https://geoportaal.maaamet.ee/index.php?lang_id=1&plugin_act=otsing&kaardiruut=580537&andmetyyp=lidar_laz_madal&dl=1&f=580537_2018_madal.laz&no_cache=69b49d56b4b97&page_id=614,270000000,580537,2018,madal,580537_2018_madal,data/lamapuit/laz/580537_2018_madal.laz
580537,580537_2019_madal.laz,https://geoportaal.maaamet.ee/index.php?lang_id=1&plugin_act=otsing&kaardiruut=580537&andmetyyp=lidar_laz_madal&dl=1&f=580537_2019_madal.laz&no_cache=69b49d5695975&page_id=614,350000000,580537,2019,madal,580537_2019_madal,data/lamapuit/laz/580537_2019_madal.laz
580537,580537_2020_madal.laz,https://geoportaal.maaamet.ee/index.php?lang_id=1&plugin_act=otsing&kaardiruut=580537&andmetyyp=lidar_laz_madal&dl=1&f=580537_2020_madal.laz&no_cache=69b49d5686d5e&page_id=614,350600000,580537,2020,madal,580537_2020_madal,data/lamapuit/laz/580537_2020_madal.laz
580537,580537_2021_madal.laz,https://geoportaal.maaamet.ee/index.php?lang_id=1&plugin_act=otsing&kaardiruut=580537&andmetyyp=lidar_laz_madal&dl=1&f=580537_2021_madal.laz&no_cache=69b49d5669a37&page_id=614,473200000,580537,2021,madal,580537_2021_madal,data/lamapuit/laz/580537_2021_madal.laz
580537,580537_2022_madal.laz,https://geoportaal.maaamet.ee/index.php?lang_id=1&plugin_act=otsing&kaardiruut=580537&andmetyyp=lidar_laz_madal&dl=1&f=580537_2022_madal.laz&no_cache=69b49d565b2da&page_id=614,501000000,580537,2022,madal,580537_2022_madal,data/lamapuit/laz/580537_2022_madal.laz
580537,580537_2023_madal.laz,https://geoportaal.maaamet.ee/index.php?lang_id=1&plugin_act=otsing&kaardiruut=580537&andmetyyp=lidar_laz_madal&dl=1&f=580537_2023_madal.laz&no_cache=69b49d563d594&page_id=614,444100000,580537,2023,madal,580537_2023_madal,data/lamapuit/laz/580537_2023_madal.laz
580538,580538_2017_madal.laz,https://geoportaal.maaamet.ee/index.php?lang_id=1&plugin_act=otsing&kaardiruut=580538&andmetyyp=lidar_laz_madal&dl=1&f=580538_2017_madal.laz&no_cache=69b49d5835bdc&page_id=614,183000000,580538,2017,madal,580538_2017_madal,data/lamapuit/laz/580538_2017_madal.laz
580538,580538_2018_madal.laz,https://geoportaal.maaamet.ee/index.php?lang_id=1&plugin_act=otsing&kaardiruut=580538&andmetyyp=lidar_laz_madal&dl=1&f=580538_2018_madal.laz&no_cache=69b49d58276dc&page_id=614,254900000,580538,2018,madal,580538_2018_madal,data/lamapuit/laz/580538_2018_madal.laz
580538,580538_2019_madal.laz,https://geoportaal.maaamet.ee/index.php?lang_id=1&plugin_act=otsing&kaardiruut=580538&andmetyyp=lidar_laz_madal&dl=1&f=580538_2019_madal.laz&no_cache=69b49d580879b&page_id=614,320300000,580538,2019,madal,580538_2019_madal,data/lamapuit/laz/580538_2019_madal.laz
580538,580538_2020_madal.laz,https://geoportaal.maaamet.ee/index.php?lang_id=1&plugin_act=otsing&kaardiruut=580538&andmetyyp=lidar_laz_madal&dl=1&f=580538_2020_madal.laz&no_cache=69b49d57edbe8&page_id=614,346700000,580538,2020,madal,580538_2020_madal,data/lamapuit/laz/580538_2020_madal.laz
580538,580538_2021_madal.laz,https://geoportaal.maaamet.ee/index.php?lang_id=1&plugin_act=otsing&kaardiruut=580538&andmetyyp=lidar_laz_madal&dl=1&f=580538_2021_madal.laz&no_cache=69b49d57cf804&page_id=614,457100000,580538,2021,madal,580538_2021_madal,data/lamapuit/laz/580538_2021_madal.laz
580538,580538_2022_madal.laz,https://geoportaal.maaamet.ee/index.php?lang_id=1&plugin_act=otsing&kaardiruut=580538&andmetyyp=lidar_laz_madal&dl=1&f=580538_2022_madal.laz&no_cache=69b49d57c0577&page_id=614,502600000,580538,2022,madal,580538_2022_madal,data/lamapuit/laz/580538_2022_madal.laz
580538,580538_2023_madal.laz,https://geoportaal.maaamet.ee/index.php?lang_id=1&plugin_act=otsing&kaardiruut=580538&andmetyyp=lidar_laz_madal&dl=1&f=580538_2023_madal.laz&no_cache=69b49d579e3a1&page_id=614,454500000,580538,2023,madal,580538_2023_madal,data/lamapuit/laz/580538_2023_madal.laz
580539,580539_2017_madal.laz,https://geoportaal.maaamet.ee/index.php?lang_id=1&plugin_act=otsing&kaardiruut=580539&andmetyyp=lidar_laz_madal&dl=1&f=580539_2017_madal.laz&no_cache=69b49d599f512&page_id=614,208300000,580539,2017,madal,580539_2017_madal,data/lamapuit/laz/580539_2017_madal.laz
580539,580539_2018_madal.laz,https://geoportaal.maaamet.ee/index.php?lang_id=1&plugin_act=otsing&kaardiruut=580539&andmetyyp=lidar_laz_madal&dl=1&f=580539_2018_madal.laz&no_cache=69b49d5990056&page_id=614,293500000,580539,2018,madal,580539_2018_madal,data/lamapuit/laz/580539_2018_madal.laz
580539,580539_2019_madal.laz,https://geoportaal.maaamet.ee/index.php?lang_id=1&plugin_act=otsing&kaardiruut=580539&andmetyyp=lidar_laz_madal&dl=1&f=580539_2019_madal.laz&no_cache=69b49d597175a&page_id=614,365500000,580539,2019,madal,580539_2019_madal,data/lamapuit/laz/580539_2019_madal.laz
580539,580539_2020_madal.laz,https://geoportaal.maaamet.ee/index.php?lang_id=1&plugin_act=otsing&kaardiruut=580539&andmetyyp=lidar_laz_madal&dl=1&f=580539_2020_madal.laz&no_cache=69b49d5962227&page_id=614,400000000,580539,2020,madal,580539_2020_madal,data/lamapuit/laz/580539_2020_madal.laz
580539,580539_2021_madal.laz,https://geoportaal.maaamet.ee/index.php?lang_id=1&plugin_act=otsing&kaardiruut=580539&andmetyyp=lidar_laz_madal&dl=1&f=580539_2021_madal.laz&no_cache=69b49d593fd3e&page_id=614,511200000,580539,2021,madal,580539_2021_madal,data/lamapuit/laz/580539_2021_madal.laz
580539,580539_2022_madal.laz,https://geoportaal.maaamet.ee/index.php?lang_id=1&plugin_act=otsing&kaardiruut=580539&andmetyyp=lidar_laz_madal&dl=1&f=580539_2022_madal.laz&no_cache=69b49d593091f&page_id=614,565400000,580539,2022,madal,580539_2022_madal,data/lamapuit/laz/580539_2022_madal.laz
580539,580539_2023_madal.laz,https://geoportaal.maaamet.ee/index.php?lang_id=1&plugin_act=otsing&kaardiruut=580539&andmetyyp=lidar_laz_madal&dl=1&f=580539_2023_madal.laz&no_cache=69b49d590dfb1&page_id=614,511000000,580539,2023,madal,580539_2023_madal,data/lamapuit/laz/580539_2023_madal.laz
580540,580540_2017_madal.laz,https://geoportaal.maaamet.ee/index.php?lang_id=1&plugin_act=otsing&kaardiruut=580540&andmetyyp=lidar_laz_madal&dl=1&f=580540_2017_madal.laz&no_cache=69b49d5b2fe5d&page_id=614,171400000,580540,2017,madal,580540_2017_madal,data/lamapuit/laz/580540_2017_madal.laz
580540,580540_2018_madal.laz,https://geoportaal.maaamet.ee/index.php?lang_id=1&plugin_act=otsing&kaardiruut=580540&andmetyyp=lidar_laz_madal&dl=1&f=580540_2018_madal.laz&no_cache=69b49d5b1d78e&page_id=614,228400000,580540,2018,madal,580540_2018_madal,data/lamapuit/laz/580540_2018_madal.laz
580540,580540_2019_madal.laz,https://geoportaal.maaamet.ee/index.php?lang_id=1&plugin_act=otsing&kaardiruut=580540&andmetyyp=lidar_laz_madal&dl=1&f=580540_2019_madal.laz&no_cache=69b49d5aee8fd&page_id=614,296300000,580540,2019,madal,580540_2019_madal,data/lamapuit/laz/580540_2019_madal.laz
580540,580540_2020_madal.laz,https://geoportaal.maaamet.ee/index.php?lang_id=1&plugin_act=otsing&kaardiruut=580540&andmetyyp=lidar_laz_madal&dl=1&f=580540_2020_madal.laz&no_cache=69b49d5adfbd7&page_id=614,315200000,580540,2020,madal,580540_2020_madal,data/lamapuit/laz/580540_2020_madal.laz
580540,580540_2021_madal.laz,https://geoportaal.maaamet.ee/index.php?lang_id=1&plugin_act=otsing&kaardiruut=580540&andmetyyp=lidar_laz_madal&dl=1&f=580540_2021_madal.laz&no_cache=69b49d5abd25f&page_id=614,431600000,580540,2021,madal,580540_2021_madal,data/lamapuit/laz/580540_2021_madal.laz
580540,580540_2022_madal.laz,https://geoportaal.maaamet.ee/index.php?lang_id=1&plugin_act=otsing&kaardiruut=580540&andmetyyp=lidar_laz_madal&dl=1&f=580540_2022_madal.laz&no_cache=69b49d5aad547&page_id=614,450900000,580540,2022,madal,580540_2022_madal,data/lamapuit/laz/580540_2022_madal.laz
580540,580540_2023_madal.laz,https://geoportaal.maaamet.ee/index.php?lang_id=1&plugin_act=otsing&kaardiruut=580540&andmetyyp=lidar_laz_madal&dl=1&f=580540_2023_madal.laz&no_cache=69b49d5a8c96a&page_id=614,412500000,580540,2023,madal,580540_2023_madal,data/lamapuit/laz/580540_2023_madal.laz
580543,580543_2017_madal.laz,https://geoportaal.maaamet.ee/index.php?lang_id=1&plugin_act=otsing&kaardiruut=580543&andmetyyp=lidar_laz_madal&dl=1&f=580543_2017_madal.laz&no_cache=69b49d5f78188&page_id=614,188700000,580543,2017,madal,580543_2017_madal,data/lamapuit/laz/580543_2017_madal.laz
580543,580543_2018_madal.laz,https://geoportaal.maaamet.ee/index.php?lang_id=1&plugin_act=otsing&kaardiruut=580543&andmetyyp=lidar_laz_madal&dl=1&f=580543_2018_madal.laz&no_cache=69b49d5f6a825&page_id=614,240700000,580543,2018,madal,580543_2018_madal,data/lamapuit/laz/580543_2018_madal.laz
580543,580543_2019_madal.laz,https://geoportaal.maaamet.ee/index.php?lang_id=1&plugin_act=otsing&kaardiruut=580543&andmetyyp=lidar_laz_madal&dl=1&f=580543_2019_madal.laz&no_cache=69b49d5f4f25e&page_id=614,337700000,580543,2019,madal,580543_2019_madal,data/lamapuit/laz/580543_2019_madal.laz
580543,580543_2020_madal.laz,https://geoportaal.maaamet.ee/index.php?lang_id=1&plugin_act=otsing&kaardiruut=580543&andmetyyp=lidar_laz_madal&dl=1&f=580543_2020_madal.laz&no_cache=69b49d5f3f9c9&page_id=614,346500000,580543,2020,madal,580543_2020_madal,data/lamapuit/laz/580543_2020_madal.laz
580543,580543_2021_madal.laz,https://geoportaal.maaamet.ee/index.php?lang_id=1&plugin_act=otsing&kaardiruut=580543&andmetyyp=lidar_laz_madal&dl=1&f=580543_2021_madal.laz&no_cache=69b49d5f244a8&page_id=614,482500000,580543,2021,madal,580543_2021_madal,data/lamapuit/laz/580543_2021_madal.laz
580543,580543_2022_madal.laz,https://geoportaal.maaamet.ee/index.php?lang_id=1&plugin_act=otsing&kaardiruut=580543&andmetyyp=lidar_laz_madal&dl=1&f=580543_2022_madal.laz&no_cache=69b49d5f168ae&page_id=614,524100000,580543,2022,madal,580543_2022_madal,data/lamapuit/laz/580543_2022_madal.laz
580543,580543_2023_madal.laz,https://geoportaal.maaamet.ee/index.php?lang_id=1&plugin_act=otsing&kaardiruut=580543&andmetyyp=lidar_laz_madal&dl=1&f=580543_2023_madal.laz&no_cache=69b49d5eeeb16&page_id=614,439600000,580543,2023,madal,580543_2023_madal,data/lamapuit/laz/580543_2023_madal.laz
581543,581543_2017_madal.laz,https://geoportaal.maaamet.ee/index.php?lang_id=1&plugin_act=otsing&kaardiruut=581543&andmetyyp=lidar_laz_madal&dl=1&f=581543_2017_madal.laz&no_cache=69b49d5e17f36&page_id=614,222900000,581543,2017,madal,581543_2017_madal,data/lamapuit/laz/581543_2017_madal.laz
581543,581543_2018_madal.laz,https://geoportaal.maaamet.ee/index.php?lang_id=1&plugin_act=otsing&kaardiruut=581543&andmetyyp=lidar_laz_madal&dl=1&f=581543_2018_madal.laz&no_cache=69b49d5e0873c&page_id=614,335500000,581543,2018,madal,581543_2018_madal,data/lamapuit/laz/581543_2018_madal.laz
581543,581543_2019_madal.laz,https://geoportaal.maaamet.ee/index.php?lang_id=1&plugin_act=otsing&kaardiruut=581543&andmetyyp=lidar_laz_madal&dl=1&f=581543_2019_madal.laz&no_cache=69b49d5ddd21f&page_id=614,405900000,581543,2019,madal,581543_2019_madal,data/lamapuit/laz/581543_2019_madal.laz
581543,581543_2020_madal.laz,https://geoportaal.maaamet.ee/index.php?lang_id=1&plugin_act=otsing&kaardiruut=581543&andmetyyp=lidar_laz_madal&dl=1&f=581543_2020_madal.laz&no_cache=69b49d5dce680&page_id=614,446700000,581543,2020,madal,581543_2020_madal,data/lamapuit/laz/581543_2020_madal.laz
581543,581543_2021_madal.laz,https://geoportaal.maaamet.ee/index.php?lang_id=1&plugin_act=otsing&kaardiruut=581543&andmetyyp=lidar_laz_madal&dl=1&f=581543_2021_madal.laz&no_cache=69b49d5db0da6&page_id=614,569400000,581543,2021,madal,581543_2021_madal,data/lamapuit/laz/581543_2021_madal.laz
581543,581543_2022_madal.laz,https://geoportaal.maaamet.ee/index.php?lang_id=1&plugin_act=otsing&kaardiruut=581543&andmetyyp=lidar_laz_madal&dl=1&f=581543_2022_madal.laz&no_cache=69b49d5da1f66&page_id=614,576700000,581543,2022,madal,581543_2022_madal,data/lamapuit/laz/581543_2022_madal.laz
581543,581543_2023_madal.laz,https://geoportaal.maaamet.ee/index.php?lang_id=1&plugin_act=otsing&kaardiruut=581543&andmetyyp=lidar_laz_madal&dl=1&f=581543_2023_madal.laz&no_cache=69b49d5d83118&page_id=614,526000000,581543,2023,madal,581543_2023_madal,data/lamapuit/laz/581543_2023_madal.laz
582543,582543_2017_madal.laz,https://geoportaal.maaamet.ee/index.php?lang_id=1&plugin_act=otsing&kaardiruut=582543&andmetyyp=lidar_laz_madal&dl=1&f=582543_2017_madal.laz&no_cache=69b49d5ca626b&page_id=614,196000000,582543,2017,madal,582543_2017_madal,data/lamapuit/laz/582543_2017_madal.laz
582543,582543_2018_madal.laz,https://geoportaal.maaamet.ee/index.php?lang_id=1&plugin_act=otsing&kaardiruut=582543&andmetyyp=lidar_laz_madal&dl=1&f=582543_2018_madal.laz&no_cache=69b49d5c964dd&page_id=614,294500000,582543,2018,madal,582543_2018_madal,data/lamapuit/laz/582543_2018_madal.laz
582543,582543_2019_madal.laz,https://geoportaal.maaamet.ee/index.php?lang_id=1&plugin_act=otsing&kaardiruut=582543&andmetyyp=lidar_laz_madal&dl=1&f=582543_2019_madal.laz&no_cache=69b49d5c7640a&page_id=614,372500000,582543,2019,madal,582543_2019_madal,data/lamapuit/laz/582543_2019_madal.laz
582543,582543_2020_madal.laz,https://geoportaal.maaamet.ee/index.php?lang_id=1&plugin_act=otsing&kaardiruut=582543&andmetyyp=lidar_laz_madal&dl=1&f=582543_2020_madal.laz&no_cache=69b49d5c64c09&page_id=614,424400000,582543,2020,madal,582543_2020_madal,data/lamapuit/laz/582543_2020_madal.laz
582543,582543_2021_madal.laz,https://geoportaal.maaamet.ee/index.php?lang_id=1&plugin_act=otsing&kaardiruut=582543&andmetyyp=lidar_laz_madal&dl=1&f=582543_2021_madal.laz&no_cache=69b49d5c44862&page_id=614,491200000,582543,2021,madal,582543_2021_madal,data/lamapuit/laz/582543_2021_madal.laz
582543,582543_2022_madal.laz,https://geoportaal.maaamet.ee/index.php?lang_id=1&plugin_act=otsing&kaardiruut=582543&andmetyyp=lidar_laz_madal&dl=1&f=582543_2022_madal.laz&no_cache=69b49d5c346f6&page_id=614,513400000,582543,2022,madal,582543_2022_madal,data/lamapuit/laz/582543_2022_madal.laz
582543,582543_2023_madal.laz,https://geoportaal.maaamet.ee/index.php?lang_id=1&plugin_act=otsing&kaardiruut=582543&andmetyyp=lidar_laz_madal&dl=1&f=582543_2023_madal.laz&no_cache=69b49d5c15aee&page_id=614,489400000,582543,2023,madal,582543_2023_madal,data/lamapuit/laz/582543_2023_madal.laz
594728,594728_2021_madal.laz,https://geoportaal.maaamet.ee/index.php?lang_id=1&plugin_act=otsing&kaardiruut=594728&andmetyyp=lidar_laz_madal&dl=1&f=594728_2021_madal.laz&no_cache=69b49d527f4a0&page_id=614,170400000,594728,2021,madal,594728_2021_madal,data/lamapuit/laz/594728_2021_madal.laz
594728,594728_2022_tava.laz,https://geoportaal.maaamet.ee/index.php?lang_id=1&plugin_act=otsing&kaardiruut=594728&andmetyyp=lidar_laz_tava&dl=1&f=594728_2022_tava.laz&no_cache=69b49d5270f87&page_id=614,145400000,594728,2022,tava,594728_2022_tava,data/lamapuit/laz/594728_2022_tava.laz
601546,601546_2019_madal.laz,https://geoportaal.maaamet.ee/index.php?lang_id=1&plugin_act=otsing&kaardiruut=601546&andmetyyp=lidar_laz_madal&dl=1&f=601546_2019_madal.laz&no_cache=69b49d6389a4d&page_id=614,468700000,601546,2019,madal,601546_2019_madal,data/lamapuit/laz/601546_2019_madal.laz
601546,601546_2020_madal.laz,https://geoportaal.maaamet.ee/index.php?lang_id=1&plugin_act=otsing&kaardiruut=601546&andmetyyp=lidar_laz_madal&dl=1&f=601546_2020_madal.laz&no_cache=69b49d637abac&page_id=614,514000000,601546,2020,madal,601546_2020_madal,data/lamapuit/laz/601546_2020_madal.laz
601546,601546_2021_madal.laz,https://geoportaal.maaamet.ee/index.php?lang_id=1&plugin_act=otsing&kaardiruut=601546&andmetyyp=lidar_laz_madal&dl=1&f=601546_2021_madal.laz&no_cache=69b49d63668bb&page_id=614,647500000,601546,2021,madal,601546_2021_madal,data/lamapuit/laz/601546_2021_madal.laz
601546,601546_2022_madal.laz,https://geoportaal.maaamet.ee/index.php?lang_id=1&plugin_act=otsing&kaardiruut=601546&andmetyyp=lidar_laz_madal&dl=1&f=601546_2022_madal.laz&no_cache=69b49d6355094&page_id=614,666200000,601546,2022,madal,601546_2022_madal,data/lamapuit/laz/601546_2022_madal.laz
601546,601546_2023_madal.laz,https://geoportaal.maaamet.ee/index.php?lang_id=1&plugin_act=otsing&kaardiruut=601546&andmetyyp=lidar_laz_madal&dl=1&f=601546_2023_madal.laz&no_cache=69b49d633534c&page_id=614,615700000,601546,2023,madal,601546_2023_madal,data/lamapuit/laz/601546_2023_madal.laz
601546,601546_2024_madal.laz,https://geoportaal.maaamet.ee/index.php?lang_id=1&plugin_act=otsing&kaardiruut=601546&andmetyyp=lidar_laz_madal&dl=1&f=601546_2024_madal.laz&no_cache=69b49d632453a&page_id=614,603900000,601546,2024,madal,601546_2024_madal,data/lamapuit/laz/601546_2024_madal.laz
602546,602546_2017_madal.laz,https://geoportaal.maaamet.ee/index.php?lang_id=1&plugin_act=otsing&kaardiruut=602546&andmetyyp=lidar_laz_madal&dl=1&f=602546_2017_madal.laz&no_cache=69b49d625b43c&page_id=614,209500000,602546,2017,madal,602546_2017_madal,data/lamapuit/laz/602546_2017_madal.laz
602546,602546_2018_madal.laz,https://geoportaal.maaamet.ee/index.php?lang_id=1&plugin_act=otsing&kaardiruut=602546&andmetyyp=lidar_laz_madal&dl=1&f=602546_2018_madal.laz&no_cache=69b49d624bccf&page_id=614,283300000,602546,2018,madal,602546_2018_madal,data/lamapuit/laz/602546_2018_madal.laz
602546,602546_2019_madal.laz,https://geoportaal.maaamet.ee/index.php?lang_id=1&plugin_act=otsing&kaardiruut=602546&andmetyyp=lidar_laz_madal&dl=1&f=602546_2019_madal.laz&no_cache=69b49d622c59c&page_id=614,412000000,602546,2019,madal,602546_2019_madal,data/lamapuit/laz/602546_2019_madal.laz
602546,602546_2020_madal.laz,https://geoportaal.maaamet.ee/index.php?lang_id=1&plugin_act=otsing&kaardiruut=602546&andmetyyp=lidar_laz_madal&dl=1&f=602546_2020_madal.laz&no_cache=69b49d621b69f&page_id=614,387300000,602546,2020,madal,602546_2020_madal,data/lamapuit/laz/602546_2020_madal.laz
602546,602546_2021_madal.laz,https://geoportaal.maaamet.ee/index.php?lang_id=1&plugin_act=otsing&kaardiruut=602546&andmetyyp=lidar_laz_madal&dl=1&f=602546_2021_madal.laz&no_cache=69b49d61ef378&page_id=614,525500000,602546,2021,madal,602546_2021_madal,data/lamapuit/laz/602546_2021_madal.laz
602546,602546_2022_madal.laz,https://geoportaal.maaamet.ee/index.php?lang_id=1&plugin_act=otsing&kaardiruut=602546&andmetyyp=lidar_laz_madal&dl=1&f=602546_2022_madal.laz&no_cache=69b49d61e1b4c&page_id=614,492600000,602546,2022,madal,602546_2022_madal,data/lamapuit/laz/602546_2022_madal.laz
602546,602546_2023_madal.laz,https://geoportaal.maaamet.ee/index.php?lang_id=1&plugin_act=otsing&kaardiruut=602546&andmetyyp=lidar_laz_madal&dl=1&f=602546_2023_madal.laz&no_cache=69b49d61c2a69&page_id=614,518600000,602546,2023,madal,602546_2023_madal,data/lamapuit/laz/602546_2023_madal.laz
602546,602546_2024_madal.laz,https://geoportaal.maaamet.ee/index.php?lang_id=1&plugin_act=otsing&kaardiruut=602546&andmetyyp=lidar_laz_madal&dl=1&f=602546_2024_madal.laz&no_cache=69b49d61b01e5&page_id=614,454600000,602546,2024,madal,602546_2024_madal,data/lamapuit/laz/602546_2024_madal.laz
